IP 地址,已发送,已接收,丢包率,平均延迟,下载速度(MB/s),地区码
108.162.193.17,10,10,0.00,111.61,2.75,SIN
173.245.58.143,10,10,0.00,111.42,2.75,SIN
104.26.5.44,10,10,0.00,105.90,0.35,HKG
104.26.14.238,10,10,0.00,107.60,0.33,HKG
162.159.39.173,10,10,0.00,66.58,0.00,NRT
162.159.38.224,10,10,0.00,69.61,0.00,NRT
162.159.44.154,10,10,0.00,70.10,0.00,NRT
162.159.45.235,10,10,0.00,70.28,0.00,NRT
108.162.198.191,10,10,0.00,71.54,0.00,NRT
172.65.237.252,10,10,0.00,103.70,0.00,HKG
172.65.229.183,10,10,0.00,108.81,0.00,HKG
108.162.192.115,10,10,0.00,109.65,0.00,SIN
162.159.33.104,10,10,0.00,109.84,0.00,SIN
108.162.194.26,10,10,0.00,110.44,0.00,SIN
108.162.195.224,10,10,0.00,110.92,0.00,SIN
162.159.42.85,10,10,0.00,111.29,0.00,SIN
162.159.35.90,10,10,0.00,111.48,0.00,SIN
162.159.61.179,10,10,0.00,111.49,0.00,SIN
162.159.58.165,10,10,0.00,111.52,0.00,SIN
162.159.40.161,10,10,0.00,111.66,0.00,SIN
162.159.32.200,10,10,0.00,111.91,0.00,SIN
162.159.60.250,10,10,0.00,111.91,0.00,SIN
162.159.62.209,10,10,0.00,111.97,0.00,SIN
162.159.46.15,10,10,0.00,112.06,0.00,SIN
162.159.48.141,10,10,0.00,112.15,0.00,SIN
162.159.43.149,10,10,0.00,112.16,0.00,SIN
162.159.41.23,10,10,0.00,112.17,0.00,SIN
162.159.49.188,10,10,0.00,112.27,0.00,SIN
162.159.34.249,10,10,0.00,112.43,0.00,SIN
162.159.36.181,10,10,0.00,112.59,0.00,SIN
108.162.196.196,10,10,0.00,112.63,0.00,SIN
173.245.59.105,10,10,0.00,112.63,0.00,SIN
104.26.1.129,10,10,0.00,118.62,0.00,HKG
104.26.3.132,10,10,0.00,131.50,0.00,HKG
104.26.11.79,10,10,0.00,132.04,0.00,HKG
172.67.65.162,10,10,0.00,135.31,0.00,HKG
104.20.22.200,10,10,0.00,145.31,0.00,HKG
104.26.9.244,10,10,0.00,158.57,0.00,HKG
172.67.78.249,10,10,0.00,159.47,0.00,HKG
104.26.15.101,10,10,0.00,161.31,0.00,HKG
172.67.76.246,10,10,0.00,163.32,0.00,HKG
104.20.21.172,10,10,0.00,163.43,0.00,HKG
104.16.6.247,10,10,0.00,164.08,0.00,SJC
104.17.120.2,10,10,0.00,164.20,0.00,SJC
104.16.45.233,10,10,0.00,164.51,0.00,SJC
104.17.186.252,10,10,0.00,164.60,0.00,SJC
104.17.129.9,10,10,0.00,164.60,0.00,SJC
104.26.10.24,10,10,0.00,164.95,0.00,HKG
104.17.184.75,10,10,0.00,165.10,0.00,SJC
104.17.106.131,10,10,0.00,165.10,0.00,SJC
104.17.126.159,10,10,0.00,165.20,0.00,SJC
104.16.14.210,10,10,0.00,165.41,0.00,SJC
104.17.164.214,10,10,0.00,165.65,0.00,SJC
104.16.148.70,10,10,0.00,165.80,0.00,SJC
104.16.40.98,10,10,0.00,165.82,0.00,SJC
104.17.121.88,10,10,0.00,165.90,0.00,SJC
104.16.90.107,10,10,0.00,166.14,0.00,SJC
104.16.15.132,10,10,0.00,166.32,0.00,SJC
104.16.49.11,10,10,0.00,166.35,0.00,SJC
104.17.150.242,10,10,0.00,166.35,0.00,SJC
104.17.180.174,10,10,0.00,166.50,0.00,SJC
172.65.234.252,10,10,0.00,166.56,0.00,HKG
104.16.81.248,10,10,0.00,166.62,0.00,SJC
104.16.92.202,10,10,0.00,166.79,0.00,SJC
104.17.172.74,10,10,0.00,166.80,0.00,SJC
104.16.25.83,10,10,0.00,166.82,0.00,SJC
104.16.42.227,10,10,0.00,166.89,0.00,SJC
104.16.19.27,10,10,0.00,166.91,0.00,SJC
104.16.21.140,10,10,0.00,167.00,0.00,SJC
104.17.152.74,10,10,0.00,167.05,0.00,SJC
104.17.176.54,10,10,0.00,167.09,0.00,SJC
104.16.83.103,10,10,0.00,167.15,0.00,SJC
104.16.57.194,10,10,0.00,167.15,0.00,SJC
104.16.72.206,10,10,0.00,167.20,0.00,SJC
104.16.97.10,10,10,0.00,167.29,0.00,SJC
104.16.33.24,10,10,0.00,167.29,0.00,SJC
104.16.61.137,10,10,0.00,167.37,0.00,SJC
104.17.75.215,10,10,0.00,167.50,0.00,SJC
104.17.165.128,10,10,0.00,167.57,0.00,SJC
104.16.43.157,10,10,0.00,167.61,0.00,SJC
104.16.37.124,10,10,0.00,167.68,0.00,SJC
104.17.43.79,10,10,0.00,167.70,0.00,SJC
104.17.175.159,10,10,0.00,167.84,0.00,SJC
104.17.140.241,10,10,0.00,167.90,0.00,SJC
104.16.87.93,10,10,0.00,167.97,0.00,SJC
104.17.88.118,10,10,0.00,168.00,0.00,SJC
172.66.135.253,10,10,0.00,168.13,0.00,LAX
190.93.244.222,10,10,0.00,168.15,0.00,SJC
172.67.79.159,10,10,0.00,168.17,0.00,HKG
104.16.149.174,10,10,0.00,168.29,0.00,SJC
104.17.62.139,10,10,0.00,168.40,0.00,SJC
104.18.104.109,10,10,0.00,168.43,0.00,LAX
104.16.2.120,10,10,0.00,168.43,0.00,SJC
104.17.142.7,10,10,0.00,168.55,0.00,SJC
104.17.154.27,10,10,0.00,168.55,0.00,SJC
104.17.100.28,10,10,0.00,168.60,0.00,SJC
104.16.101.141,10,10,0.00,168.62,0.00,SJC
104.16.5.40,10,10,0.00,168.86,0.00,SJC
104.17.158.235,10,10,0.00,168.87,0.00,SJC
104.17.72.6,10,10,0.00,168.90,0.00,SJC
104.17.125.154,10,10,0.00,169.00,0.00,SJC
104.25.168.130,10,10,0.00,169.00,0.00,LAX
104.17.86.6,10,10,0.00,169.00,0.00,SJC
104.16.73.231,10,10,0.00,169.05,0.00,SJC
104.16.18.210,10,10,0.00,169.08,0.00,SJC
104.16.82.166,10,10,0.00,169.10,0.00,SJC
104.16.94.104,10,10,0.00,169.12,0.00,SJC
104.16.63.83,10,10,0.00,169.20,0.00,SJC
104.16.27.121,10,10,0.00,169.26,0.00,SJC
104.17.60.18,10,10,0.00,169.30,0.00,SJC
104.17.19.207,10,10,0.00,169.30,0.00,LAX
104.16.52.6,10,10,0.00,169.33,0.00,SJC
104.16.100.104,10,10,0.00,169.44,0.00,SJC
104.17.104.115,10,10,0.00,169.50,0.00,SJC
104.24.227.183,10,10,0.00,169.51,0.00,LAX
104.16.66.57,10,10,0.00,169.53,0.00,SJC
104.17.93.187,10,10,0.00,169.60,0.00,SJC
104.16.46.207,10,10,0.00,169.60,0.00,SJC
104.16.60.201,10,10,0.00,169.73,0.00,SJC
104.16.13.181,10,10,0.00,169.78,0.00,SJC
104.16.84.216,10,10,0.00,169.79,0.00,SJC
104.17.99.122,10,10,0.00,169.90,0.00,SJC
104.17.90.14,10,10,0.00,170.00,0.00,SJC
104.27.104.183,10,10,0.00,170.01,0.00,LAX
104.17.148.5,10,10,0.00,170.05,0.00,SJC
104.16.54.70,10,10,0.00,170.09,0.00,SJC
104.16.34.102,10,10,0.00,170.18,0.00,SJC
104.17.83.169,10,10,0.00,170.20,0.00,SJC
104.17.85.24,10,10,0.00,170.20,0.00,SJC
172.66.173.15,10,10,0.00,170.23,0.00,LAX
104.16.62.82,10,10,0.00,170.26,0.00,SJC
162.159.19.178,10,10,0.00,170.29,0.00,LAX
104.16.150.220,10,10,0.00,170.33,0.00,SJC
104.16.29.88,10,10,0.00,170.36,0.00,SJC
104.16.31.222,10,10,0.00,170.39,0.00,SJC
104.17.58.151,10,10,0.00,170.40,0.00,SJC
104.17.102.146,10,10,0.00,170.50,0.00,SJC
104.17.103.123,10,10,0.00,170.50,0.00,SJC
104.16.151.52,10,10,0.00,170.50,0.00,SJC
104.16.12.91,10,10,0.00,170.59,0.00,SJC
104.16.86.219,10,10,0.00,170.60,0.00,SJC
104.17.135.28,10,10,0.00,170.80,0.00,SJC
104.17.54.74,10,10,0.00,170.80,0.00,SJC
104.16.3.13,10,10,0.00,170.82,0.00,SJC
104.25.134.202,10,10,0.00,170.90,0.00,LAX
104.17.40.188,10,10,0.00,171.00,0.00,SJC
141.101.120.11,10,10,0.00,171.08,0.00,SJC
104.16.32.96,10,10,0.00,171.21,0.00,SJC
141.101.121.177,10,10,0.00,171.25,0.00,SJC
104.16.1.16,10,10,0.00,171.27,0.00,SJC
104.16.77.121,10,10,0.00,171.27,0.00,SJC
104.17.46.246,10,10,0.00,171.30,0.00,SJC
172.67.66.138,10,10,0.00,171.33,0.00,HKG
104.16.69.72,10,10,0.00,171.35,0.00,SJC
104.17.59.96,10,10,0.00,171.40,0.00,SJC
104.17.155.88,10,10,0.00,171.44,0.00,SJC
104.16.106.117,10,10,0.00,171.46,0.00,LAX
104.16.102.187,10,10,0.00,171.46,0.00,SJC
141.101.115.117,10,10,0.00,171.50,0.00,SJC
104.17.87.10,10,10,0.00,171.50,0.00,SJC
104.16.65.67,10,10,0.00,171.51,0.00,SJC
104.16.80.243,10,10,0.00,171.52,0.00,SJC
190.93.246.252,10,10,0.00,171.64,0.00,SJC
104.17.114.60,10,10,0.00,171.70,0.00,LAX
103.21.244.45,10,10,0.00,171.76,0.00,SJC
104.17.69.127,10,10,0.00,171.80,0.00,SJC
172.66.40.191,10,10,0.00,171.85,0.00,LAX
190.93.245.205,10,10,0.00,171.86,0.00,SJC
198.41.195.150,10,10,0.00,171.87,0.00,LAX
104.16.26.50,10,10,0.00,171.89,0.00,SJC
104.25.73.123,10,10,0.00,172.00,0.00,LAX
104.17.63.128,10,10,0.00,172.00,0.00,SJC
104.16.9.98,10,10,0.00,172.06,0.00,SJC
104.17.174.59,10,10,0.00,172.10,0.00,SJC
104.17.131.187,10,10,0.00,172.10,0.00,SJC
104.17.159.160,10,10,0.00,172.14,0.00,SJC
104.27.46.150,10,10,0.00,172.14,0.00,LAX
104.17.143.248,10,10,0.00,172.15,0.00,SJC
104.25.171.88,10,10,0.00,172.20,0.00,LAX
104.16.50.99,10,10,0.00,172.20,0.00,SJC
104.16.7.151,10,10,0.00,172.28,0.00,SJC
104.17.119.213,10,10,0.00,172.30,0.00,SJC
104.25.125.224,10,10,0.00,172.30,0.00,LAX
104.17.42.138,10,10,0.00,172.30,0.00,SJC
104.18.79.231,10,10,0.00,172.40,0.00,LAX
104.16.64.177,10,10,0.00,172.59,0.00,SJC
104.17.171.135,10,10,0.00,172.60,0.00,SJC
104.16.198.69,10,10,0.00,172.62,0.00,LAX
104.27.83.240,10,10,0.00,172.71,0.00,LAX
104.17.79.6,10,10,0.00,172.80,0.00,SJC
104.25.107.98,10,10,0.00,172.90,0.00,LAX
104.16.74.84,10,10,0.00,172.95,0.00,SJC
172.64.33.144,10,10,0.00,173.07,0.00,LAX
172.66.202.162,10,10,0.00,173.15,0.00,LAX
104.25.23.154,10,10,0.00,173.40,0.00,LAX
104.16.160.122,10,10,0.00,173.46,0.00,LAX
172.64.157.174,10,10,0.00,173.48,0.00,LAX
104.16.38.189,10,10,0.00,173.58,0.00,SJC
104.24.212.41,10,10,0.00,173.59,0.00,LAX
104.16.133.173,10,10,0.00,173.69,0.00,LAX
104.17.122.9,10,10,0.00,173.70,0.00,SJC
104.16.79.2,10,10,0.00,173.71,0.00,SJC
104.25.84.232,10,10,0.00,173.90,0.00,LAX
104.16.93.46,10,10,0.00,173.99,0.00,SJC
104.16.255.110,10,10,0.00,174.01,0.00,LAX
104.17.89.87,10,10,0.00,174.10,0.00,SJC
190.93.247.40,10,10,0.00,174.17,0.00,SJC
104.18.87.67,10,10,0.00,174.18,0.00,LAX
172.64.156.173,10,10,0.00,174.24,0.00,LAX
104.24.156.234,10,10,0.00,174.31,0.00,LAX
104.18.103.163,10,10,0.00,174.31,0.00,LAX
104.17.0.148,10,10,0.00,174.33,0.00,LAX
104.16.99.23,10,10,0.00,174.33,0.00,SJC
104.16.85.147,10,10,0.00,174.47,0.00,SJC
104.17.61.146,10,10,0.00,174.50,0.00,SJC
104.17.39.73,10,10,0.00,174.50,0.00,LAX
104.27.1.123,10,10,0.00,174.53,0.00,LAX
104.16.194.252,10,10,0.00,174.53,0.00,LAX
172.66.171.162,10,10,0.00,174.57,0.00,LAX
104.16.53.192,10,10,0.00,174.61,0.00,SJC
104.17.132.243,10,10,0.00,174.70,0.00,SJC
104.24.45.150,10,10,0.00,174.85,0.00,LAX
104.17.9.145,10,10,0.00,174.86,0.00,LAX
104.16.55.59,10,10,0.00,174.86,0.00,SJC
104.25.38.42,10,10,0.00,174.90,0.00,LAX
104.16.8.157,10,10,0.00,174.96,0.00,SJC
104.16.136.1,10,10,0.00,175.00,0.00,LAX
104.18.78.179,10,10,0.00,175.03,0.00,LAX
172.64.146.40,10,10,0.00,175.04,0.00,LAX
104.16.135.222,10,10,0.00,175.05,0.00,LAX
104.16.91.38,10,10,0.00,175.08,0.00,SJC
104.16.123.6,10,10,0.00,175.10,0.00,LAX
104.16.239.152,10,10,0.00,175.14,0.00,LAX
172.64.147.44,10,10,0.00,175.15,0.00,LAX
104.25.61.74,10,10,0.00,175.20,0.00,LAX
104.17.53.75,10,10,0.00,175.20,0.00,SJC
104.16.147.164,10,10,0.00,175.22,0.00,SJC
162.159.18.80,10,10,0.00,175.29,0.00,LAX
104.17.136.20,10,10,0.00,175.30,0.00,SJC
172.64.151.239,10,10,0.00,175.32,0.00,LAX
172.64.35.62,10,10,0.00,175.35,0.00,LAX
104.18.120.78,10,10,0.00,175.38,0.00,LAX
104.16.11.95,10,10,0.00,175.47,0.00,SJC
104.18.8.166,10,10,0.00,175.49,0.00,LAX
104.25.112.98,10,10,0.00,175.50,0.00,LAX
172.64.152.245,10,10,0.00,175.54,0.00,LAX
104.18.75.127,10,10,0.00,175.63,0.00,LAX
172.64.49.10,10,10,0.00,175.68,0.00,LAX
104.16.141.72,10,10,0.00,175.79,0.00,LAX
104.17.48.72,10,10,0.00,175.80,0.00,SJC
162.159.13.75,10,10,0.00,175.89,0.00,LAX
104.18.115.234,10,10,0.00,175.90,0.00,LAX
104.16.248.118,10,10,0.00,175.95,0.00,LAX
104.17.137.105,10,10,0.00,175.95,0.00,SJC
104.17.45.170,10,10,0.00,176.00,0.00,SJC
104.17.250.15,10,10,0.00,176.02,0.00,LAX
104.16.247.10,10,10,0.00,176.05,0.00,LAX
104.16.167.97,10,10,0.00,176.11,0.00,LAX
162.159.20.210,10,10,0.00,176.15,0.00,LAX
172.66.197.38,10,10,0.00,176.21,0.00,LAX
104.17.141.242,10,10,0.00,176.24,0.00,SJC
104.17.78.83,10,10,0.00,176.30,0.00,SJC
104.18.168.158,10,10,0.00,176.34,0.00,LAX
162.159.242.70,10,10,0.00,176.35,0.00,LAX
104.16.210.58,10,10,0.00,176.42,0.00,LAX
104.16.208.65,10,10,0.00,176.52,0.00,LAX
172.67.77.233,10,10,0.00,176.63,0.00,HKG
104.16.185.84,10,10,0.00,176.64,0.00,LAX
104.19.23.168,10,10,0.00,176.66,0.00,LAX
162.159.8.31,10,10,0.00,176.70,0.00,LAX
104.27.19.122,10,10,0.00,176.76,0.00,LAX
104.16.222.61,10,10,0.00,176.82,0.00,LAX
104.16.110.34,10,10,0.00,176.86,0.00,LAX
104.16.224.33,10,10,0.00,176.93,0.00,LAX
104.16.95.147,10,10,0.00,176.95,0.00,SJC
104.17.12.72,10,10,0.00,177.00,0.00,LAX
104.16.220.93,10,10,0.00,177.03,0.00,LAX
172.65.194.192,10,10,0.00,177.16,0.00,LAX
172.67.86.220,10,10,0.00,177.21,0.00,LAX
104.16.196.211,10,10,0.00,177.37,0.00,LAX
104.18.80.159,10,10,0.00,177.49,0.00,LAX
104.16.120.147,10,10,0.00,177.50,0.00,LAX
104.25.197.251,10,10,0.00,177.60,0.00,LAX
104.25.203.36,10,10,0.00,177.60,0.00,LAX
104.18.5.171,10,10,0.00,177.68,0.00,LAX
104.25.102.97,10,10,0.00,177.70,0.00,LAX
104.17.65.132,10,10,0.00,177.70,0.00,SJC
172.66.207.108,10,10,0.00,177.77,0.00,LAX
104.17.52.124,10,10,0.00,177.80,0.00,SJC
172.66.211.80,10,10,0.00,177.81,0.00,LAX
173.245.49.229,10,10,0.00,177.87,0.00,SJC
104.17.101.15,10,10,0.00,177.90,0.00,SJC
104.25.46.26,10,10,0.00,177.90,0.00,LAX
172.67.127.193,10,10,0.00,178.00,0.00,LAX
104.25.32.98,10,10,0.00,178.00,0.00,LAX
104.18.16.246,10,10,0.00,178.08,0.00,LAX
172.64.231.217,10,10,0.00,178.13,0.00,LAX
172.64.155.219,10,10,0.00,178.15,0.00,LAX
104.17.193.199,10,10,0.00,178.20,0.00,LAX
162.159.9.149,10,10,0.00,178.23,0.00,LAX
104.17.7.139,10,10,0.00,178.25,0.00,LAX
162.159.255.100,10,10,0.00,178.29,0.00,LAX
172.66.136.178,10,10,0.00,178.31,0.00,LAX
172.67.91.189,10,10,0.00,178.34,0.00,LAX
104.24.71.56,10,10,0.00,178.36,0.00,LAX
104.17.32.12,10,10,0.00,178.37,0.00,LAX
104.25.147.51,10,10,0.00,178.40,0.00,LAX
104.25.243.6,10,10,0.00,178.40,0.00,LAX
162.159.248.101,10,10,0.00,178.49,0.00,LAX
172.65.212.110,10,10,0.00,178.52,0.00,LAX
162.159.249.152,10,10,0.00,178.57,0.00,LAX
104.17.31.156,10,10,0.00,178.61,0.00,LAX
104.26.7.211,10,10,0.00,178.68,0.00,HKG
104.18.1.178,10,10,0.00,178.70,0.00,LAX
172.64.40.218,10,10,0.00,178.80,0.00,LAX
104.25.105.150,10,10,0.00,179.00,0.00,LAX
104.17.11.123,10,10,0.00,179.00,0.00,LAX
104.16.176.193,10,10,0.00,179.02,0.00,LAX
104.25.247.78,10,10,0.00,179.04,0.00,LAX
104.18.124.175,10,10,0.00,179.20,0.00,LAX
104.25.146.194,10,10,0.00,179.30,0.00,LAX
104.17.108.114,10,10,0.00,179.30,0.00,LAX
104.19.9.102,10,10,0.00,179.34,0.00,LAX
104.18.97.203,10,10,0.00,179.39,0.00,LAX
104.17.29.238,10,10,0.00,179.47,0.00,LAX
104.17.192.134,10,10,0.00,179.50,0.00,LAX
104.17.110.35,10,10,0.00,179.50,0.00,LAX
104.18.18.118,10,10,0.00,179.50,0.00,LAX
104.27.102.253,10,10,0.00,179.56,0.00,LAX
104.25.69.200,10,10,0.00,179.60,0.00,LAX
104.25.241.225,10,10,0.00,179.61,0.00,LAX
104.18.119.89,10,10,0.00,179.62,0.00,LAX
104.16.165.202,10,10,0.00,179.62,0.00,LAX
162.159.7.126,10,10,0.00,179.63,0.00,LAX
198.41.214.10,10,10,0.00,179.72,0.00,LAX
104.18.15.228,10,10,0.00,179.87,0.00,LAX
162.159.5.52,10,10,0.00,179.91,0.00,LAX
104.24.177.11,10,10,0.00,179.91,0.00,LAX
172.67.107.94,10,10,0.00,179.97,0.00,LAX
104.25.106.133,10,10,0.00,180.00,0.00,LAX
104.25.174.107,10,10,0.00,180.00,0.00,LAX
104.16.170.61,10,10,0.00,180.00,0.00,LAX
104.24.220.151,10,10,0.00,180.01,0.00,LAX
104.18.99.95,10,10,0.00,180.02,0.00,LAX
104.16.203.199,10,10,0.00,180.07,0.00,LAX
104.25.250.172,10,10,0.00,180.08,0.00,LAX
104.25.132.181,10,10,0.00,180.10,0.00,LAX
104.16.240.154,10,10,0.00,180.15,0.00,LAX
104.16.204.108,10,10,0.00,180.17,0.00,LAX
104.25.1.185,10,10,0.00,180.20,0.00,LAX
104.25.100.59,10,10,0.00,180.20,0.00,LAX
104.16.158.46,10,10,0.00,180.26,0.00,LAX
104.25.182.105,10,10,0.00,180.30,0.00,LAX
104.17.117.205,10,10,0.00,180.30,0.00,LAX
104.16.232.230,10,10,0.00,180.37,0.00,LAX
104.18.95.19,10,10,0.00,180.40,0.00,LAX
104.18.92.253,10,10,0.00,180.44,0.00,LAX
104.24.150.35,10,10,0.00,180.47,0.00,LAX
104.16.116.227,10,10,0.00,180.53,0.00,LAX
104.17.20.245,10,10,0.00,180.55,0.00,LAX
104.24.190.81,10,10,0.00,180.56,0.00,LAX
104.27.91.162,10,10,0.00,180.57,0.00,LAX
104.16.142.4,10,10,0.00,180.59,0.00,LAX
104.27.53.143,10,10,0.00,180.60,0.00,LAX
104.17.23.206,10,10,0.00,180.62,0.00,LAX
104.27.73.182,10,10,0.00,180.65,0.00,LAX
104.17.5.226,10,10,0.00,180.65,0.00,LAX
104.16.211.188,10,10,0.00,180.66,0.00,LAX
104.24.0.69,10,10,0.00,180.71,0.00,LAX
104.17.6.34,10,10,0.00,180.76,0.00,LAX
104.27.79.135,10,10,0.00,180.82,0.00,LAX
104.25.110.41,10,10,0.00,180.90,0.00,LAX
104.16.182.112,10,10,0.00,180.96,0.00,LAX
104.24.161.155,10,10,0.00,181.00,0.00,LAX
172.66.43.113,10,10,0.00,181.02,0.00,LAX
104.16.237.159,10,10,0.00,181.03,0.00,LAX
104.18.89.66,10,10,0.00,181.04,0.00,LAX
104.24.27.12,10,10,0.00,181.06,0.00,LAX
104.25.160.240,10,10,0.00,181.10,0.00,LAX
104.18.96.22,10,10,0.00,181.18,0.00,LAX
104.16.191.138,10,10,0.00,181.19,0.00,LAX
172.66.46.82,10,10,0.00,181.24,0.00,LAX
104.16.217.15,10,10,0.00,181.26,0.00,LAX
104.25.226.151,10,10,0.00,181.27,0.00,LAX
104.24.29.136,10,10,0.00,181.29,0.00,LAX
162.159.10.65,10,10,0.00,181.33,0.00,LAX
172.64.72.62,10,10,0.00,181.34,0.00,LAX
104.16.252.86,10,10,0.00,181.37,0.00,LAX
172.64.229.172,10,10,0.00,181.38,0.00,LAX
104.25.155.55,10,10,0.00,181.40,0.00,LAX
104.18.76.33,10,10,0.00,181.42,0.00,LAX
172.64.53.57,10,10,0.00,181.49,0.00,LAX
104.24.57.18,10,10,0.00,181.52,0.00,LAX
198.41.216.90,10,10,0.00,181.52,0.00,LAX
104.16.219.58,10,10,0.00,181.53,0.00,LAX
104.16.212.73,10,10,0.00,181.56,0.00,LAX
172.65.166.83,10,10,0.00,181.56,0.00,LAX
172.67.114.249,10,10,0.00,181.60,0.00,LAX
104.18.20.250,10,10,0.00,181.61,0.00,LAX
104.18.126.115,10,10,0.00,181.63,0.00,LAX
104.16.225.93,10,10,0.00,181.78,0.00,LAX
104.16.126.235,10,10,0.00,181.80,0.00,LAX
104.16.122.194,10,10,0.00,181.82,0.00,LAX
104.16.188.62,10,10,0.00,181.84,0.00,LAX
104.16.221.175,10,10,0.00,181.88,0.00,LAX
104.25.47.88,10,10,0.00,181.90,0.00,LAX
104.18.83.227,10,10,0.00,181.97,0.00,LAX
104.17.16.224,10,10,0.00,182.06,0.00,LAX
104.19.179.128,10,10,0.00,182.08,0.00,LAX
104.27.39.20,10,10,0.00,182.11,0.00,LAX
104.17.22.59,10,10,0.00,182.14,0.00,LAX
104.18.102.175,10,10,0.00,182.14,0.00,LAX
198.41.194.128,10,10,0.00,182.18,0.00,LAX
172.66.151.45,10,10,0.00,182.18,0.00,LAX
104.24.55.68,10,10,0.00,182.19,0.00,LAX
162.159.27.8,10,10,0.00,182.21,0.00,LAX
104.18.84.33,10,10,0.00,182.21,0.00,LAX
104.16.104.215,10,10,0.00,182.26,0.00,LAX
104.16.206.19,10,10,0.00,182.27,0.00,LAX
104.16.137.90,10,10,0.00,182.33,0.00,LAX
104.17.196.213,10,10,0.00,182.36,0.00,LAX
104.24.68.27,10,10,0.00,182.47,0.00,LAX
104.24.48.145,10,10,0.00,182.52,0.00,LAX
104.18.98.90,10,10,0.00,182.53,0.00,LAX
104.24.207.7,10,10,0.00,182.53,0.00,LAX
162.159.6.182,10,10,0.00,182.55,0.00,LAX
104.16.205.46,10,10,0.00,182.62,0.00,LAX
104.24.84.252,10,10,0.00,182.69,0.00,LAX
198.41.200.97,10,10,0.00,182.74,0.00,LAX
104.16.124.99,10,10,0.00,182.77,0.00,LAX
104.18.94.211,10,10,0.00,182.78,0.00,LAX
104.18.0.244,10,10,0.00,182.78,0.00,LAX
104.25.127.169,10,10,0.00,182.80,0.00,LAX
104.17.109.147,10,10,0.00,182.80,0.00,LAX
104.27.51.251,10,10,0.00,182.83,0.00,LAX
104.16.190.82,10,10,0.00,182.85,0.00,LAX
104.16.229.177,10,10,0.00,182.86,0.00,LAX
172.66.44.17,10,10,0.00,182.86,0.00,LAX
104.27.7.254,10,10,0.00,182.95,0.00,LAX
104.25.76.171,10,10,0.00,183.00,0.00,LAX
104.17.2.144,10,10,0.00,183.01,0.00,LAX
172.64.159.237,10,10,0.00,183.03,0.00,LAX
104.16.138.92,10,10,0.00,183.03,0.00,LAX
104.24.22.77,10,10,0.00,183.06,0.00,LAX
104.18.82.228,10,10,0.00,183.07,0.00,LAX
104.25.212.25,10,10,0.00,183.10,0.00,LAX
104.16.156.239,10,10,0.00,183.16,0.00,LAX
104.18.121.166,10,10,0.00,183.19,0.00,LAX
198.41.215.2,10,10,0.00,183.19,0.00,LAX
172.64.50.212,10,10,0.00,183.20,0.00,LAX
104.25.90.131,10,10,0.00,183.20,0.00,LAX
104.16.180.111,10,10,0.00,183.28,0.00,LAX
104.25.205.64,10,10,0.00,183.30,0.00,LAX
198.41.205.244,10,10,0.00,183.30,0.00,LAX
104.16.131.91,10,10,0.00,183.32,0.00,LAX
104.16.231.196,10,10,0.00,183.34,0.00,LAX
172.66.42.228,10,10,0.00,183.36,0.00,LAX
104.25.153.213,10,10,0.00,183.40,0.00,LAX
172.66.3.215,10,10,0.00,183.40,0.00,LAX
162.159.244.204,10,10,0.00,183.42,0.00,LAX
198.41.198.41,10,10,0.00,183.43,0.00,LAX
104.24.235.97,10,10,0.00,183.45,0.00,LAX
104.16.161.38,10,10,0.00,183.46,0.00,LAX
198.41.209.40,10,10,0.00,183.52,0.00,LAX
104.24.208.86,10,10,0.00,183.54,0.00,LAX
104.24.184.66,10,10,0.00,183.55,0.00,LAX
104.16.155.54,10,10,0.00,183.56,0.00,LAX
104.24.202.210,10,10,0.00,183.56,0.00,LAX
172.65.240.81,10,10,0.00,183.57,0.00,LAX
104.24.53.160,10,10,0.00,183.60,0.00,LAX
104.27.87.126,10,10,0.00,183.67,0.00,LAX
104.16.184.24,10,10,0.00,183.68,0.00,LAX
104.24.188.172,10,10,0.00,183.78,0.00,LAX
104.25.145.72,10,10,0.00,183.80,0.00,LAX
104.16.103.101,10,10,0.00,183.81,0.00,LAX
104.16.179.39,10,10,0.00,183.84,0.00,LAX
162.159.23.189,10,10,0.00,183.89,0.00,LAX
104.18.110.64,10,10,0.00,183.89,0.00,LAX
104.24.44.37,10,10,0.00,183.98,0.00,LAX
198.41.208.121,10,10,0.00,183.99,0.00,LAX
104.25.13.111,10,10,0.00,184.00,0.00,LAX
104.25.118.14,10,10,0.00,184.00,0.00,LAX
104.25.198.143,10,10,0.00,184.00,0.00,LAX
172.64.176.177,10,10,0.00,184.04,0.00,LAX
104.16.146.115,10,10,0.00,184.06,0.00,LAX
104.16.218.215,10,10,0.00,184.08,0.00,LAX
104.16.181.191,10,10,0.00,184.11,0.00,LAX
104.16.202.47,10,10,0.00,184.12,0.00,LAX
104.16.113.24,10,10,0.00,184.13,0.00,LAX
104.16.159.29,10,10,0.00,184.16,0.00,LAX
104.17.36.23,10,10,0.00,184.20,0.00,LAX
162.159.17.80,10,10,0.00,184.20,0.00,LAX
104.25.43.142,10,10,0.00,184.30,0.00,LAX
104.18.11.68,10,10,0.00,184.32,0.00,LAX
104.24.183.228,10,10,0.00,184.33,0.00,LAX
104.16.216.185,10,10,0.00,184.33,0.00,LAX
104.16.144.203,10,10,0.00,184.36,0.00,LAX
104.24.42.18,10,10,0.00,184.37,0.00,LAX
104.16.244.215,10,10,0.00,184.37,0.00,LAX
162.159.241.31,10,10,0.00,184.38,0.00,LAX
104.16.139.52,10,10,0.00,184.39,0.00,LAX
162.159.15.244,10,10,0.00,184.39,0.00,LAX
104.27.8.26,10,10,0.00,184.39,0.00,LAX
104.25.139.250,10,10,0.00,184.40,0.00,LAX
104.27.38.83,10,10,0.00,184.53,0.00,LAX
162.159.198.222,10,10,0.00,184.58,0.00,LAX
162.159.3.189,10,10,0.00,184.65,0.00,LAX
172.66.150.90,10,10,0.00,184.70,0.00,LAX
104.25.124.228,10,10,0.00,184.70,0.00,LAX
162.159.4.211,10,10,0.00,184.75,0.00,LAX
104.17.24.132,10,10,0.00,184.81,0.00,LAX
104.16.125.209,10,10,0.00,184.85,0.00,LAX
104.17.127.234,10,10,0.00,184.90,0.00,SJC
104.27.86.220,10,10,0.00,184.90,0.00,LAX
104.18.14.97,10,10,0.00,184.90,0.00,LAX
104.16.128.237,10,10,0.00,184.95,0.00,LAX
104.18.2.182,10,10,0.00,185.01,0.00,LAX
104.24.76.64,10,10,0.00,185.11,0.00,LAX
104.16.175.248,10,10,0.00,185.12,0.00,LAX
162.159.245.27,10,10,0.00,185.14,0.00,LAX
104.16.177.222,10,10,0.00,185.16,0.00,LAX
104.16.207.193,10,10,0.00,185.16,0.00,LAX
104.24.14.45,10,10,0.00,185.19,0.00,LAX
172.67.117.177,10,10,0.00,185.20,0.00,LAX
104.25.30.181,10,10,0.00,185.20,0.00,LAX
104.18.9.10,10,10,0.00,185.22,0.00,LAX
104.16.162.109,10,10,0.00,185.26,0.00,LAX
104.16.145.165,10,10,0.00,185.26,0.00,LAX
162.159.243.224,10,10,0.00,185.38,0.00,LAX
104.27.84.100,10,10,0.00,185.39,0.00,LAX
104.25.35.16,10,10,0.00,185.50,0.00,LAX
104.16.111.181,10,10,0.00,185.52,0.00,LAX
104.24.8.229,10,10,0.00,185.55,0.00,LAX
104.24.193.50,10,10,0.00,185.65,0.00,LAX
104.16.105.128,10,10,0.00,185.66,0.00,LAX
104.16.153.219,10,10,0.00,185.76,0.00,LAX
172.66.163.74,10,10,0.00,185.76,0.00,LAX
172.67.118.58,10,10,0.00,185.78,0.00,LAX
104.16.107.248,10,10,0.00,185.82,0.00,LAX
104.27.70.130,10,10,0.00,185.84,0.00,LAX
104.18.13.163,10,10,0.00,185.85,0.00,LAX
162.159.197.120,10,10,0.00,185.89,0.00,LAX
172.67.93.138,10,10,0.00,185.98,0.00,LAX
104.18.6.144,10,10,0.00,186.02,0.00,LAX
162.159.247.195,10,10,0.00,186.04,0.00,LAX
198.41.204.30,10,10,0.00,186.05,0.00,LAX
104.16.213.159,10,10,0.00,186.06,0.00,LAX
104.17.28.150,10,10,0.00,186.07,0.00,LAX
104.16.119.124,10,10,0.00,186.07,0.00,LAX
104.25.14.217,10,10,0.00,186.10,0.00,LAX
104.24.253.213,10,10,0.00,186.10,0.00,LAX
104.18.7.199,10,10,0.00,186.13,0.00,LAX
104.27.82.103,10,10,0.00,186.18,0.00,LAX
172.67.95.86,10,10,0.00,186.20,0.00,LAX
104.17.113.161,10,10,0.00,186.20,0.00,LAX
104.25.10.5,10,10,0.00,186.20,0.00,LAX
172.66.203.115,10,10,0.00,186.20,0.00,LAX
104.27.103.233,10,10,0.00,186.23,0.00,LAX
172.67.113.26,10,10,0.00,186.24,0.00,LAX
104.18.114.79,10,10,0.00,186.26,0.00,LAX
162.159.250.59,10,10,0.00,186.28,0.00,LAX
104.17.41.173,10,10,0.00,186.30,0.00,LAX
104.18.111.177,10,10,0.00,186.42,0.00,LAX
162.159.11.166,10,10,0.00,186.50,0.00,LAX
104.27.11.12,10,10,0.00,186.57,0.00,LAX
104.27.110.17,10,10,0.00,186.58,0.00,LAX
104.16.132.251,10,10,0.00,186.59,0.00,LAX
104.27.99.238,10,10,0.00,186.59,0.00,LAX
104.27.10.228,10,10,0.00,186.60,0.00,LAX
104.24.219.0,10,10,0.00,186.61,0.00,LAX
172.67.116.22,10,10,0.00,186.63,0.00,LAX
104.24.169.202,10,10,0.00,186.64,0.00,LAX
172.66.1.133,10,10,0.00,186.67,0.00,LAX
104.18.116.8,10,10,0.00,186.69,0.00,LAX
104.17.115.130,10,10,0.00,186.70,0.00,LAX
104.16.223.41,10,10,0.00,186.76,0.00,LAX
104.24.151.53,10,10,0.00,186.89,0.00,LAX
104.17.34.161,10,10,0.00,186.90,0.00,LAX
104.25.60.73,10,10,0.00,186.90,0.00,LAX
104.16.200.181,10,10,0.00,186.92,0.00,LAX
198.41.203.72,10,10,0.00,186.95,0.00,LAX
104.16.228.57,10,10,0.00,186.96,0.00,LAX
104.18.88.165,10,10,0.00,186.99,0.00,LAX
162.159.194.164,10,10,0.00,187.02,0.00,LAX
104.24.77.27,10,10,0.00,187.05,0.00,LAX
172.66.132.221,10,10,0.00,187.10,0.00,LAX
104.17.38.164,10,10,0.00,187.10,0.00,LAX
104.18.74.59,10,10,0.00,187.12,0.00,LAX
162.159.254.148,10,10,0.00,187.16,0.00,LAX
104.16.183.83,10,10,0.00,187.16,0.00,LAX
104.25.3.139,10,10,0.00,187.20,0.00,LAX
104.16.209.167,10,10,0.00,187.26,0.00,LAX
104.27.111.56,10,10,0.00,187.28,0.00,LAX
104.24.248.38,10,10,0.00,187.30,0.00,LAX
104.25.158.112,10,10,0.00,187.30,0.00,LAX
104.25.156.103,10,10,0.00,187.30,0.00,LAX
104.24.160.30,10,10,0.00,187.33,0.00,LAX
104.19.2.153,10,10,0.00,187.33,0.00,LAX
104.16.243.106,10,10,0.00,187.37,0.00,LAX
162.159.240.219,10,10,0.00,187.38,0.00,LAX
104.17.249.30,10,10,0.00,187.41,0.00,LAX
162.159.14.199,10,10,0.00,187.42,0.00,LAX
198.41.219.180,10,10,0.00,187.49,0.00,SJC
104.25.66.37,10,10,0.00,187.50,0.00,LAX
104.24.66.192,10,10,0.00,187.56,0.00,LAX
104.24.7.211,10,10,0.00,187.62,0.00,LAX
104.27.2.254,10,10,0.00,187.69,0.00,LAX
104.25.123.205,10,10,0.00,187.70,0.00,LAX
162.159.196.103,10,10,0.00,187.80,0.00,LAX
104.16.70.41,10,10,0.00,187.81,0.00,SJC
104.16.233.57,10,10,0.00,187.85,0.00,LAX
104.17.21.227,10,10,0.00,187.86,0.00,LAX
104.17.251.161,10,10,0.00,187.86,0.00,LAX
104.27.9.50,10,10,0.00,187.86,0.00,LAX
198.41.197.81,10,10,0.00,187.86,0.00,LAX
104.25.166.216,10,10,0.00,187.90,0.00,LAX
172.66.168.177,10,10,0.00,187.92,0.00,LAX
104.24.231.111,10,10,0.00,187.95,0.00,LAX
104.16.250.110,10,10,0.00,187.97,0.00,LAX
172.67.111.150,10,10,0.00,187.98,0.00,LAX
104.25.170.66,10,10,0.00,188.00,0.00,LAX
104.24.192.177,10,10,0.00,188.10,0.00,LAX
104.25.8.110,10,10,0.00,188.10,0.00,LAX
104.17.3.125,10,10,0.00,188.10,0.00,LAX
104.24.61.55,10,10,0.00,188.11,0.00,LAX
172.66.199.139,10,10,0.00,188.13,0.00,LAX
104.17.253.93,10,10,0.00,188.14,0.00,LAX
104.27.17.83,10,10,0.00,188.14,0.00,LAX
104.19.4.116,10,10,0.00,188.19,0.00,LAX
104.25.53.149,10,10,0.00,188.20,0.00,LAX
162.159.193.0,10,10,0.00,188.20,0.00,LAX
104.18.128.23,10,10,0.00,188.22,0.00,LAX
104.18.117.21,10,10,0.00,188.23,0.00,LAX
104.16.121.59,10,10,0.00,188.30,0.00,LAX
104.25.37.200,10,10,0.00,188.30,0.00,LAX
104.17.35.102,10,10,0.00,188.30,0.00,LAX
104.18.93.163,10,10,0.00,188.33,0.00,LAX
104.16.249.112,10,10,0.00,188.37,0.00,LAX
172.66.140.58,10,10,0.00,188.40,0.00,LAX
104.18.166.219,10,10,0.00,188.46,0.00,LAX
104.24.13.186,10,10,0.00,188.51,0.00,LAX
162.159.2.192,10,10,0.00,188.53,0.00,LAX
104.24.16.209,10,10,0.00,188.53,0.00,LAX
104.16.112.143,10,10,0.00,188.53,0.00,LAX
172.67.89.55,10,10,0.00,188.56,0.00,LAX
162.159.16.150,10,10,0.00,188.59,0.00,LAX
162.159.22.100,10,10,0.00,188.59,0.00,LAX
104.24.211.219,10,10,0.00,188.61,0.00,LAX
104.18.167.66,10,10,0.00,188.62,0.00,LAX
104.18.86.67,10,10,0.00,188.64,0.00,LAX
172.66.192.218,10,10,0.00,188.69,0.00,LAX
104.18.113.7,10,10,0.00,188.70,0.00,LAX
104.16.197.10,10,10,0.00,188.72,0.00,LAX
104.16.227.104,10,10,0.00,188.77,0.00,LAX
104.25.52.16,10,10,0.00,188.80,0.00,LAX
104.17.4.87,10,10,0.00,188.80,0.00,LAX
198.41.211.249,10,10,0.00,188.90,0.00,LAX
104.25.151.185,10,10,0.00,188.90,0.00,LAX
104.25.154.83,10,10,0.00,188.90,0.00,LAX
172.66.47.99,10,10,0.00,188.92,0.00,LAX
104.16.169.174,10,10,0.00,188.94,0.00,LAX
104.19.119.179,10,10,0.00,189.00,0.00,LAX
104.16.171.36,10,10,0.00,189.04,0.00,LAX
104.24.74.203,10,10,0.00,189.05,0.00,LAX
104.18.122.248,10,10,0.00,189.07,0.00,LAX
104.18.123.194,10,10,0.00,189.15,0.00,LAX
162.159.0.175,10,10,0.00,189.22,0.00,LAX
162.159.251.134,10,10,0.00,189.23,0.00,LAX
104.27.6.95,10,10,0.00,189.25,0.00,LAX
104.16.242.50,10,10,0.00,189.27,0.00,LAX
104.17.1.125,10,10,0.00,189.28,0.00,LAX
162.159.25.28,10,10,0.00,189.32,0.00,LAX
104.18.100.82,10,10,0.00,189.38,0.00,LAX
104.18.72.227,10,10,0.00,189.40,0.00,LAX
104.25.34.32,10,10,0.00,189.40,0.00,LAX
104.24.234.146,10,10,0.00,189.45,0.00,LAX
104.27.90.158,10,10,0.00,189.46,0.00,LAX
104.16.238.116,10,10,0.00,189.48,0.00,LAX
104.18.21.16,10,10,0.00,189.51,0.00,LAX
104.16.235.139,10,10,0.00,189.55,0.00,LAX
104.18.90.128,10,10,0.00,189.56,0.00,LAX
104.27.109.26,10,10,0.00,189.57,0.00,LAX
104.16.245.247,10,10,0.00,189.57,0.00,LAX
172.64.158.132,10,10,0.00,189.58,0.00,LAX
104.18.112.196,10,10,0.00,189.67,0.00,LAX
104.16.195.66,10,10,0.00,189.72,0.00,LAX
104.16.236.4,10,10,0.00,189.75,0.00,LAX
104.27.42.106,10,10,0.00,189.78,0.00,LAX
104.16.234.64,10,10,0.00,189.85,0.00,LAX
104.16.246.110,10,10,0.00,189.87,0.00,LAX
104.17.107.86,10,10,0.00,189.90,0.00,LAX
172.66.142.116,10,10,0.00,189.97,0.00,LAX
104.16.127.155,10,10,0.00,189.98,0.00,LAX
104.18.165.47,10,10,0.00,190.05,0.00,LAX
104.16.193.208,10,10,0.00,190.07,0.00,LAX
104.24.176.48,10,10,0.00,190.09,0.00,LAX
104.16.157.111,10,10,0.00,190.16,0.00,LAX
198.41.202.234,10,10,0.00,190.26,0.00,LAX
104.17.27.67,10,10,0.00,190.31,0.00,LAX
162.159.253.37,10,10,0.00,190.33,0.00,LAX
104.16.114.133,10,10,0.00,190.40,0.00,LAX
104.17.25.24,10,10,0.00,190.41,0.00,LAX
162.159.21.229,10,10,0.00,190.46,0.00,LAX
104.16.118.121,10,10,0.00,190.51,0.00,LAX
172.66.141.51,10,10,0.00,190.55,0.00,LAX
104.16.173.199,10,10,0.00,190.56,0.00,LAX
172.64.42.71,10,10,0.00,190.61,0.00,LAX
104.16.174.55,10,10,0.00,190.61,0.00,LAX
172.67.115.254,10,10,0.00,190.73,0.00,LAX
104.17.13.117,10,10,0.00,190.76,0.00,LAX
104.18.77.40,10,10,0.00,190.78,0.00,LAX
104.25.117.110,10,10,0.00,190.80,0.00,LAX
172.64.32.40,10,10,0.00,190.87,0.00,LAX
172.64.48.207,10,10,0.00,190.88,0.00,LAX
104.27.3.106,10,10,0.00,190.89,0.00,LAX
104.16.178.54,10,10,0.00,190.90,0.00,LAX
172.66.41.160,10,10,0.00,190.90,0.00,LAX
104.16.166.74,10,10,0.00,190.91,0.00,LAX
104.16.143.254,10,10,0.00,190.96,0.00,LAX
104.16.134.158,10,10,0.00,190.96,0.00,LAX
172.64.148.199,10,10,0.00,191.02,0.00,LAX
198.41.199.87,10,10,0.00,191.04,0.00,LAX
172.66.195.202,10,10,0.00,191.04,0.00,LAX
104.17.252.26,10,10,0.00,191.05,0.00,LAX
104.17.195.79,10,10,0.00,191.08,0.00,LAX
104.16.214.72,10,10,0.00,191.08,0.00,LAX
104.17.197.100,10,10,0.00,191.09,0.00,LAX
104.16.187.48,10,10,0.00,191.09,0.00,LAX
104.25.239.131,10,10,0.00,191.16,0.00,LAX
104.24.139.21,10,10,0.00,191.16,0.00,LAX
172.64.41.11,10,10,0.00,191.17,0.00,LAX
198.41.193.107,10,10,0.00,191.21,0.00,LAX
104.18.10.209,10,10,0.00,191.26,0.00,LAX
104.25.20.250,10,10,0.00,191.30,0.00,LAX
104.18.118.111,10,10,0.00,191.32,0.00,LAX
198.41.222.110,10,10,0.00,191.35,0.00,LAX
104.16.108.139,10,10,0.00,191.38,0.00,LAX
104.19.11.34,10,10,0.00,191.39,0.00,LAX
104.24.255.115,10,10,0.00,191.40,0.00,LAX
104.24.73.196,10,10,0.00,191.46,0.00,LAX
104.19.15.91,10,10,0.00,191.59,0.00,LAX
172.66.155.222,10,10,0.00,191.62,0.00,LAX
104.27.72.171,10,10,0.00,191.64,0.00,LAX
104.25.222.249,10,10,0.00,191.65,0.00,LAX
104.18.17.177,10,10,0.00,191.79,0.00,LAX
172.64.149.140,10,10,0.00,191.82,0.00,LAX
104.24.91.66,10,10,0.00,191.85,0.00,LAX
104.18.91.223,10,10,0.00,191.87,0.00,LAX
162.159.252.4,10,10,0.00,191.87,0.00,LAX
104.25.173.240,10,10,0.00,191.90,0.00,LAX
172.66.206.96,10,10,0.00,191.93,0.00,LAX
104.16.130.189,10,10,0.00,191.96,0.00,LAX
104.18.73.207,10,10,0.00,191.97,0.00,LAX
104.24.165.178,10,10,0.00,191.99,0.00,LAX
104.25.207.196,10,10,0.00,192.00,0.00,LAX
104.24.130.176,10,10,0.00,192.07,0.00,LAX
162.159.236.104,10,10,0.00,192.08,0.00,LAX
104.24.56.132,10,10,0.00,192.09,0.00,LAX
104.18.12.17,10,10,0.00,192.09,0.00,LAX
172.64.153.161,10,10,0.00,192.13,0.00,LAX
104.24.201.244,10,10,0.00,192.26,0.00,LAX
104.24.223.79,10,10,0.00,192.26,0.00,LAX
104.16.241.99,10,10,0.00,192.27,0.00,LAX
104.16.172.19,10,10,0.00,192.29,0.00,LAX
104.17.37.152,10,10,0.00,192.30,0.00,LAX
104.25.220.217,10,10,0.00,192.38,0.00,LAX
104.24.5.64,10,10,0.00,192.39,0.00,LAX
104.25.191.185,10,10,0.00,192.40,0.00,LAX
104.25.40.178,10,10,0.00,192.40,0.00,LAX
104.16.109.66,10,10,0.00,192.43,0.00,LAX
104.16.163.235,10,10,0.00,192.46,0.00,LAX
104.17.111.127,10,10,0.00,192.50,0.00,LAX
104.27.74.29,10,10,0.00,192.53,0.00,LAX
104.25.233.126,10,10,0.00,192.55,0.00,LAX
172.64.150.98,10,10,0.00,192.57,0.00,LAX
104.24.144.97,10,10,0.00,192.59,0.00,LAX
104.16.215.147,10,10,0.00,192.61,0.00,LAX
172.65.170.96,10,10,0.00,192.63,0.00,LAX
104.18.19.200,10,10,0.00,192.71,0.00,LAX
104.16.201.47,10,10,0.00,192.76,0.00,LAX
162.159.246.67,10,10,0.00,192.80,0.00,LAX
104.18.85.118,10,10,0.00,192.85,0.00,LAX
104.24.146.45,10,10,0.00,192.88,0.00,LAX
104.25.101.152,10,10,0.00,192.90,0.00,LAX
104.26.13.88,10,10,0.00,192.92,0.00,HKG
104.16.129.37,10,10,0.00,192.96,0.00,LAX
104.25.204.10,10,10,0.00,193.00,0.00,LAX
104.17.74.92,10,10,0.00,193.00,0.00,SJC
198.41.206.204,10,10,0.00,193.00,0.00,LAX
104.24.173.114,10,10,0.00,193.02,0.00,LAX
104.16.226.7,10,10,0.00,193.04,0.00,LAX
104.16.199.52,10,10,0.00,193.07,0.00,LAX
104.24.147.55,10,10,0.00,193.09,0.00,LAX
104.17.91.193,10,10,0.00,193.10,0.00,SJC
104.31.16.75,10,10,0.00,193.11,0.00,LAX
104.16.164.179,10,10,0.00,193.14,0.00,LAX
104.25.5.179,10,10,0.00,193.20,0.00,LAX
162.159.237.65,10,10,0.00,193.21,0.00,SJC
172.66.167.232,10,10,0.00,193.23,0.00,LAX
104.27.13.109,10,10,0.00,193.24,0.00,LAX
104.24.46.194,10,10,0.00,193.25,0.00,LAX
104.17.14.23,10,10,0.00,193.34,0.00,LAX
172.66.209.49,10,10,0.00,193.35,0.00,LAX
104.24.47.116,10,10,0.00,193.36,0.00,LAX
162.159.1.49,10,10,0.00,193.45,0.00,LAX
104.25.135.204,10,10,0.00,193.50,0.00,LAX
198.41.217.179,10,10,0.00,193.51,0.00,LAX
172.64.230.9,10,10,0.00,193.57,0.00,LAX
104.24.50.172,10,10,0.00,193.65,0.00,LAX
104.17.255.155,10,10,0.00,193.66,0.00,LAX
172.65.209.85,10,10,0.00,193.70,0.00,LAX
104.17.248.41,10,10,0.00,193.72,0.00,LAX
104.24.35.146,10,10,0.00,193.73,0.00,LAX
104.16.115.46,10,10,0.00,193.78,0.00,LAX
104.17.10.216,10,10,0.00,193.81,0.00,LAX
104.25.45.180,10,10,0.00,193.90,0.00,LAX
104.17.8.24,10,10,0.00,193.97,0.00,LAX
162.159.12.107,10,10,0.00,193.98,0.00,LAX
104.25.157.245,10,10,0.00,194.00,0.00,LAX
104.25.88.48,10,10,0.00,194.00,0.00,LAX
104.24.60.199,10,10,0.00,194.12,0.00,LAX
104.17.18.81,10,10,0.00,194.12,0.00,LAX
198.41.207.65,10,10,0.00,194.14,0.00,LAX
162.159.26.127,10,10,0.00,194.16,0.00,LAX
104.25.240.179,10,10,0.00,194.23,0.00,LAX
104.18.3.68,10,10,0.00,194.25,0.00,LAX
104.16.117.45,10,10,0.00,194.28,0.00,LAX
104.24.197.48,10,10,0.00,194.30,0.00,LAX
104.17.26.7,10,10,0.00,194.41,0.00,LAX
104.16.140.135,10,10,0.00,194.56,0.00,LAX
104.24.153.122,10,10,0.00,194.58,0.00,LAX
104.24.72.70,10,10,0.00,194.59,0.00,LAX
104.25.172.25,10,10,0.00,194.60,0.00,LAX
104.27.57.46,10,10,0.00,194.66,0.00,LAX
104.16.254.32,10,10,0.00,194.71,0.00,LAX
172.64.154.214,10,10,0.00,194.77,0.00,LAX
104.25.119.191,10,10,0.00,194.80,0.00,LAX
104.16.192.7,10,10,0.00,194.85,0.00,LAX
104.27.63.217,10,10,0.00,194.94,0.00,LAX
172.66.210.179,10,10,0.00,194.95,0.00,LAX
104.25.64.96,10,10,0.00,195.00,0.00,LAX
172.66.134.167,10,10,0.00,195.08,0.00,LAX
104.17.33.132,10,10,0.00,195.10,0.00,LAX
162.159.239.161,10,10,0.00,195.17,0.00,LAX
172.66.214.161,10,10,0.00,195.17,0.00,LAX
104.25.183.25,10,10,0.00,195.20,0.00,LAX
172.64.38.223,10,10,0.00,195.23,0.00,LAX
198.41.192.22,10,10,0.00,195.32,0.00,LAX
172.66.0.46,10,10,0.00,195.32,0.00,LAX
104.19.17.43,10,10,0.00,195.33,0.00,LAX
104.18.81.250,10,10,0.00,195.34,0.00,LAX
104.27.49.241,10,10,0.00,195.36,0.00,LAX
104.25.211.101,10,10,0.00,195.39,0.00,LAX
104.25.113.38,10,10,0.00,195.40,0.00,LAX
162.159.199.165,10,10,0.00,195.49,0.00,LAX
104.24.244.248,10,10,0.00,195.50,0.00,LAX
104.25.185.86,10,10,0.00,195.50,0.00,LAX
104.24.174.16,10,10,0.00,195.51,0.00,LAX
104.25.63.42,10,10,0.00,195.60,0.00,LAX
104.25.57.41,10,10,0.00,195.70,0.00,LAX
104.18.101.216,10,10,0.00,195.71,0.00,LAX
162.159.24.153,10,10,0.00,195.81,0.00,LAX
104.17.194.158,10,10,0.00,195.88,0.00,LAX
104.24.218.170,10,10,0.00,196.01,0.00,LAX
104.17.116.125,10,10,0.00,196.10,0.00,LAX
104.25.128.90,10,10,0.00,196.10,0.00,LAX
104.25.65.119,10,10,0.00,196.20,0.00,LAX
104.24.75.133,10,10,0.00,196.23,0.00,LAX
104.24.168.210,10,10,0.00,196.26,0.00,LAX
104.24.145.178,10,10,0.00,196.31,0.00,LAX
104.24.222.105,10,10,0.00,196.35,0.00,LAX
104.25.218.108,10,10,0.00,196.38,0.00,LAX
104.24.230.239,10,10,0.00,196.45,0.00,LAX
104.24.180.82,10,10,0.00,196.61,0.00,LAX
172.65.217.204,10,10,0.00,196.64,0.00,LAX
198.41.196.209,10,10,0.00,196.66,0.00,LAX
172.67.75.123,10,10,0.00,196.72,0.00,HKG
104.17.15.23,10,10,0.00,196.74,0.00,LAX
104.27.68.167,10,10,0.00,196.79,0.00,LAX
104.25.22.66,10,10,0.00,196.80,0.00,LAX
104.24.243.73,10,10,0.00,196.80,0.00,LAX
104.25.83.53,10,10,0.00,196.90,0.00,LAX
104.24.41.9,10,10,0.00,197.01,0.00,LAX
104.18.127.4,10,10,0.00,197.27,0.00,LAX
172.66.166.206,10,10,0.00,197.27,0.00,LAX
104.24.143.141,10,10,0.00,197.29,0.00,LAX
104.24.2.237,10,10,0.00,197.30,0.00,LAX
172.65.219.248,10,10,0.00,197.57,0.00,LAX
104.25.87.31,10,10,0.00,198.00,0.00,LAX
104.25.252.92,10,10,0.00,198.11,0.00,LAX
162.159.136.119,10,10,0.00,198.20,0.00,FRA
104.25.120.214,10,10,0.00,198.20,0.00,LAX
172.64.34.5,10,10,0.00,198.28,0.00,LAX
104.17.30.245,10,10,0.00,198.30,0.00,LAX
104.25.213.88,10,10,0.00,198.33,0.00,LAX
104.18.125.93,10,10,0.00,198.45,0.00,LAX
104.24.217.26,10,10,0.00,198.50,0.00,LAX
104.24.216.103,10,10,0.00,198.50,0.00,LAX
104.27.95.156,10,10,0.00,198.54,0.00,LAX
104.25.7.150,10,10,0.00,198.80,0.00,LAX
104.24.158.49,10,10,0.00,198.88,0.00,LAX
172.64.145.149,10,10,0.00,199.00,0.00,LAX
104.24.209.227,10,10,0.00,199.05,0.00,LAX
104.16.251.187,10,10,0.00,199.16,0.00,LAX
104.25.180.6,10,10,0.00,199.20,0.00,LAX
104.24.89.110,10,10,0.00,199.21,0.00,LAX
104.24.129.190,10,10,0.00,199.27,0.00,LAX
104.16.253.151,10,10,0.00,199.41,0.00,LAX
172.67.92.89,10,10,0.00,199.64,0.00,LAX
104.25.184.75,10,10,0.00,200.00,0.00,LAX
104.25.227.55,10,10,0.00,200.10,0.00,LAX
104.25.194.163,10,10,0.00,200.50,0.00,LAX
104.24.95.251,10,10,0.00,200.65,0.00,LAX
104.27.43.121,10,10,0.00,200.99,0.00,LAX
172.67.64.244,10,10,0.00,201.16,0.00,HKG
104.27.100.189,10,10,0.00,201.63,0.00,LAX
104.27.78.49,10,10,0.00,201.67,0.00,LAX
162.159.152.86,10,10,0.00,201.69,0.00,FRA
104.25.192.60,10,10,0.00,201.70,0.00,LAX
104.17.17.200,10,10,0.00,201.87,0.00,LAX
104.27.12.164,10,10,0.00,201.95,0.00,LAX
103.31.4.190,10,10,0.00,202.10,0.00,DEN
104.17.84.97,10,10,0.00,202.20,0.00,SJC
104.16.230.32,10,10,0.00,202.27,0.00,LAX
141.101.113.139,10,10,0.00,202.34,0.00,FRA
104.25.140.7,10,10,0.00,202.70,0.00,LAX
104.24.205.220,10,10,0.00,202.95,0.00,LAX
104.16.168.26,10,10,0.00,203.19,0.00,LAX
104.25.89.203,10,10,0.00,203.20,0.00,LAX
162.159.130.69,10,10,0.00,203.69,0.00,FRA
104.27.5.113,10,10,0.00,203.78,0.00,LAX
104.25.31.160,10,10,0.00,203.80,0.00,LAX
162.159.92.7,10,10,0.00,203.89,0.00,FRA
162.159.134.101,10,10,0.00,204.05,0.00,FRA
104.17.64.53,10,10,0.00,204.40,0.00,SJC
104.25.131.134,10,10,0.00,205.00,0.00,LAX
198.41.201.36,10,10,0.00,205.04,0.00,LAX
104.27.96.225,10,10,0.00,205.06,0.00,LAX
104.17.51.4,10,10,0.00,205.30,0.00,SJC
162.159.153.99,10,10,0.00,205.39,0.00,FRA
104.16.47.135,10,10,0.00,205.63,0.00,SJC
104.16.41.4,10,10,0.00,205.64,0.00,SJC
104.25.137.48,10,10,0.00,205.90,0.00,LAX
104.17.97.52,10,10,0.00,206.00,0.00,SJC
104.16.17.24,10,10,0.00,206.03,0.00,SJC
172.67.84.69,10,10,0.00,206.14,0.00,LAX
104.25.25.71,10,10,0.00,206.50,0.00,LAX
104.16.20.51,10,10,0.00,206.77,0.00,SJC
104.27.62.102,10,10,0.00,206.84,0.00,LAX
104.17.50.71,10,10,0.00,207.00,0.00,SJC
104.16.24.197,10,10,0.00,207.15,0.00,SJC
104.24.250.198,10,10,0.00,207.20,0.00,LAX
104.25.115.218,10,10,0.00,207.40,0.00,LAX
104.16.51.205,10,10,0.00,207.45,0.00,SJC
162.159.224.161,10,10,0.00,207.45,0.00,DEN
104.17.130.114,10,10,0.00,207.50,0.00,SJC
104.17.70.93,10,10,0.00,207.80,0.00,SJC
104.25.186.56,10,10,0.00,208.10,0.00,LAX
104.24.30.36,10,10,0.00,208.15,0.00,LAX
104.24.133.38,10,10,0.00,208.19,0.00,LAX
104.16.67.167,10,10,0.00,208.30,0.00,SJC
104.17.57.0,10,10,0.00,208.40,0.00,SJC
104.24.23.91,10,10,0.00,208.41,0.00,LAX
104.16.35.34,10,10,0.00,208.49,0.00,SJC
104.16.154.6,10,10,0.00,208.66,0.00,LAX
104.16.98.174,10,10,0.00,208.77,0.00,SJC
104.25.253.150,10,10,0.00,208.86,0.00,LAX
104.16.10.79,10,10,0.00,208.91,0.00,SJC
104.25.142.198,10,10,0.00,209.20,0.00,LAX
162.159.95.198,10,10,0.00,209.32,0.00,FRA
104.27.69.199,10,10,0.00,209.39,0.00,LAX
104.25.161.15,10,10,0.00,209.40,0.00,LAX
104.25.62.224,10,10,0.00,209.60,0.00,LAX
104.16.4.238,10,10,0.00,209.67,0.00,SJC
104.25.164.49,10,10,0.00,209.80,0.00,LAX
104.16.76.242,10,10,0.00,210.15,0.00,SJC
104.17.76.142,10,10,0.00,210.20,0.00,SJC
104.25.144.88,10,10,0.00,210.20,0.00,LAX
162.159.234.3,10,10,0.00,210.30,0.00,DEN
141.101.114.48,10,10,0.00,210.37,0.00,SJC
162.159.143.204,10,10,0.00,210.38,0.00,FRA
104.16.78.124,10,10,0.00,210.43,0.00,SJC
104.26.2.167,10,10,0.00,210.50,0.00,HKG
104.24.237.3,10,10,0.00,210.50,0.00,LAX
104.24.240.247,10,10,0.00,210.70,0.00,LAX
104.16.22.247,10,10,0.00,210.93,0.00,SJC
104.16.71.164,10,10,0.00,211.07,0.00,SJC
104.16.30.107,10,10,0.00,211.07,0.00,SJC
104.24.141.214,10,10,0.00,211.09,0.00,LAX
104.25.193.177,10,10,0.00,211.30,0.00,LAX
104.16.23.95,10,10,0.00,211.30,0.00,SJC
104.16.56.225,10,10,0.00,211.47,0.00,SJC
104.18.4.101,10,10,0.00,211.48,0.00,LAX
104.17.77.110,10,10,0.00,211.70,0.00,SJC
172.67.82.162,10,10,0.00,211.79,0.00,LAX
172.66.169.99,10,10,0.00,211.82,0.00,LAX
104.27.21.185,10,10,0.00,212.07,0.00,LAX
104.27.92.55,10,10,0.00,212.10,0.00,LAX
104.16.96.81,10,10,0.00,212.37,0.00,SJC
162.159.138.55,10,10,0.00,212.39,0.00,FRA
104.25.122.39,10,10,0.00,212.50,0.00,LAX
104.25.19.200,10,10,0.00,212.50,0.00,LAX
104.16.16.91,10,10,0.00,212.68,0.00,SJC
162.159.160.39,10,10,0.00,212.77,0.00,FRA
104.17.44.253,10,10,0.00,212.80,0.00,SJC
104.17.49.176,10,10,0.00,213.10,0.00,SJC
104.16.44.125,10,10,0.00,213.34,0.00,SJC
104.17.68.50,10,10,0.00,213.40,0.00,SJC
104.27.88.10,10,10,0.00,213.58,0.00,LAX
104.25.41.120,10,10,0.00,213.60,0.00,LAX
172.64.68.94,10,10,0.00,213.86,0.00,LAX
104.17.82.239,10,10,0.00,213.90,0.00,SJC
104.24.64.19,10,10,0.00,214.12,0.00,LAX
104.25.190.221,10,10,0.00,214.19,0.00,LAX
104.27.64.246,10,10,0.00,214.32,0.00,LAX
104.17.96.51,10,10,0.00,214.50,0.00,SJC
104.25.114.209,10,10,0.00,215.10,0.00,LAX
141.101.123.182,10,10,0.00,215.28,0.00,SJC
198.41.223.230,10,10,0.00,215.30,0.00,LAX
162.159.137.68,10,10,0.00,215.37,0.00,FRA
104.17.66.22,10,10,0.00,215.80,0.00,SJC
104.25.249.16,10,10,0.00,215.82,0.00,LAX
104.26.4.236,10,10,0.00,215.99,0.00,HKG
104.16.59.250,10,10,0.00,216.03,0.00,SJC
104.25.85.165,10,10,0.00,216.10,0.00,LAX
104.19.120.187,10,10,0.00,216.74,0.00,LAX
172.66.162.119,10,10,0.00,216.90,0.00,LAX
172.67.106.208,10,10,0.00,217.03,0.00,LAX
104.24.187.102,10,10,0.00,217.26,0.00,LAX
104.19.6.181,10,10,0.00,217.57,0.00,LAX
104.16.75.37,10,10,0.00,217.72,0.00,SJC
104.25.44.219,10,10,0.00,218.40,0.00,LAX
104.25.148.26,10,10,0.00,218.80,0.00,LAX
104.17.112.100,10,10,0.00,218.90,0.00,LAX
104.24.32.63,10,10,0.00,218.91,0.00,LAX
104.25.21.85,10,10,0.00,219.40,0.00,LAX
104.16.48.133,10,10,0.00,219.62,0.00,SJC
104.16.36.5,10,10,0.00,219.81,0.00,SJC
172.66.45.235,10,10,0.00,220.75,0.00,LAX
172.66.138.197,10,10,0.00,221.05,0.00,LAX
104.25.138.83,10,10,0.00,222.10,0.00,LAX
104.25.111.35,10,10,0.00,222.50,0.00,LAX
172.65.192.14,10,10,0.00,222.59,0.00,LAX
104.25.177.149,10,10,0.00,222.80,0.00,LAX
104.16.58.76,10,10,0.00,223.19,0.00,SJC
172.67.120.174,10,10,0.00,223.19,0.00,LAX
104.16.28.63,10,10,0.00,223.69,0.00,SJC
104.24.37.191,10,10,0.00,224.15,0.00,LAX
172.64.79.15,10,10,0.00,224.80,0.00,SJC
104.24.136.126,10,10,0.00,225.17,0.00,LAX
104.24.239.41,10,10,0.00,225.40,0.00,LAX
104.25.245.180,10,10,0.00,225.66,0.00,LAX
172.67.96.60,10,10,0.00,226.00,0.00,LAX
104.24.238.232,10,10,0.00,226.30,0.00,LAX
172.67.108.139,10,10,0.00,226.83,0.00,LAX
104.24.251.65,10,10,0.00,227.40,0.00,LAX
104.24.135.45,10,10,0.00,227.63,0.00,LAX
172.67.109.66,10,10,0.00,228.21,0.00,LAX
162.159.91.205,10,10,0.00,228.97,0.00,AMS
172.67.80.226,10,10,0.00,229.42,0.00,LAX
104.27.76.215,10,10,0.00,229.46,0.00,LAX
104.25.216.83,10,10,0.00,229.51,0.00,LAX
104.24.167.169,10,10,0.00,230.38,0.00,LAX
104.24.137.185,10,10,0.00,230.58,0.00,LAX
172.64.69.74,10,10,0.00,231.22,0.00,LAX
104.27.0.32,10,10,0.00,231.41,0.00,LAX
188.114.97.49,10,10,0.00,232.33,0.00,AMS
104.25.231.151,10,10,0.00,232.59,0.00,LAX
104.25.208.1,10,10,0.00,232.60,0.00,LAX
104.25.70.35,10,10,0.00,233.80,0.00,LAX
104.26.6.198,10,10,0.00,233.99,0.00,HKG
172.64.234.199,10,10,0.00,233.99,0.00,DEN
104.24.162.199,10,10,0.00,234.09,0.00,LAX
104.19.14.86,10,10,0.00,234.19,0.00,LAX
104.24.70.132,10,10,0.00,235.04,0.00,LAX
172.64.67.90,10,10,0.00,235.06,0.00,LAX
104.27.50.202,10,10,0.00,235.34,0.00,LAX
104.27.52.18,10,10,0.00,235.83,0.00,LAX
172.65.164.39,10,10,0.00,235.84,0.00,LAX
104.24.245.83,10,10,0.00,236.50,0.00,LAX
198.41.218.32,10,10,0.00,238.08,0.00,LAX
172.66.200.25,10,10,0.00,239.21,0.00,LAX
104.24.213.100,10,10,0.00,240.50,0.00,LAX
104.24.149.158,10,10,0.00,241.16,0.00,LAX
188.114.98.20,10,10,0.00,241.91,0.00,AMS
104.27.93.76,10,10,0.00,241.98,0.00,LAX
172.66.144.12,10,10,0.00,242.68,0.00,LAX
104.21.201.134,10,10,0.00,242.70,0.00,LAX
104.27.80.210,10,10,0.00,243.81,0.00,LAX
104.19.10.194,10,10,0.00,243.99,0.00,LAX
104.27.54.30,10,10,0.00,244.32,0.00,LAX
162.159.141.163,10,10,0.00,245.85,0.00,FRA
104.24.206.184,10,10,0.00,246.00,0.00,LAX
104.25.126.251,10,10,0.00,246.00,0.00,LAX
104.24.224.24,10,10,0.00,246.70,0.00,LAX
141.101.122.232,10,10,0.00,247.18,0.00,SJC
104.17.80.210,10,10,0.00,247.40,0.00,SJC
104.24.155.241,10,10,0.00,247.49,0.00,LAX
104.17.92.154,10,10,0.00,247.50,0.00,SJC
104.27.18.60,10,10,0.00,247.96,0.00,LAX
172.66.212.128,10,10,0.00,248.32,0.00,LAX
104.16.88.189,10,10,0.00,248.63,0.00,SJC
172.64.52.15,10,10,0.00,248.93,0.00,LAX
104.17.73.248,10,10,0.00,249.30,0.00,SJC
104.24.247.190,10,10,0.00,249.30,0.00,LAX
172.66.129.177,10,10,0.00,249.79,0.00,LAX
104.24.166.3,10,10,0.00,250.06,0.00,LAX
104.24.194.29,10,10,0.00,250.25,0.00,LAX
104.17.47.200,10,10,0.00,250.70,0.00,SJC
104.27.59.185,10,10,0.00,250.98,0.00,LAX
104.16.39.69,10,10,0.00,251.34,0.00,SJC
104.24.142.5,10,10,0.00,251.65,0.00,LAX
104.24.181.215,10,10,0.00,251.87,0.00,LAX
104.25.108.15,10,10,0.00,252.70,0.00,LAX
104.24.182.77,10,10,0.00,252.73,0.00,LAX
104.25.221.166,10,10,0.00,252.83,0.00,LAX
104.17.95.171,10,10,0.00,253.10,0.00,SJC
104.25.195.68,10,10,0.00,253.31,0.00,LAX
104.17.105.0,10,10,0.00,253.85,0.00,SJC
104.19.16.123,10,10,0.00,253.92,0.00,LAX
162.159.135.178,10,10,0.00,254.14,0.00,FRA
104.27.58.186,10,10,0.00,254.16,0.00,LAX
172.66.143.196,10,10,0.00,254.21,0.00,LAX
162.159.94.13,10,10,0.00,254.34,0.00,FRA
104.27.94.97,10,10,0.00,254.70,0.00,LAX
188.114.96.253,10,10,0.00,254.88,0.00,AMS
104.17.71.141,10,10,0.00,255.00,0.00,SJC
104.16.189.85,10,10,0.00,255.75,0.00,LAX
104.24.18.8,10,10,0.00,255.77,0.00,LAX
162.159.128.71,10,10,0.00,255.83,0.00,FRA
104.17.254.25,10,10,0.00,256.02,0.00,LAX
104.27.107.191,10,10,0.00,256.23,0.00,LAX
104.24.131.190,10,10,0.00,256.36,0.00,LAX
104.24.175.67,10,10,0.00,256.55,0.00,LAX
104.24.38.48,10,10,0.00,257.07,0.00,LAX
104.17.56.203,10,10,0.00,257.30,0.00,SJC
104.17.98.183,10,10,0.00,257.30,0.00,SJC
104.25.77.32,10,10,0.00,257.30,0.00,LAX
104.17.67.5,10,10,0.00,257.40,0.00,SJC
104.25.58.193,10,10,0.00,258.10,0.00,LAX
104.24.189.69,10,10,0.00,258.30,0.00,LAX
104.24.49.206,10,10,0.00,258.83,0.00,LAX
104.19.18.89,10,10,0.00,259.11,0.00,LAX
104.24.154.64,10,10,0.00,259.11,0.00,LAX
104.25.9.205,10,10,0.00,260.00,0.00,LAX
104.19.12.105,10,10,0.00,260.23,0.00,LAX
188.114.99.69,10,10,0.00,260.46,0.00,AMS
104.24.134.31,10,10,0.00,260.84,0.00,LAX
104.24.83.97,10,10,0.00,261.93,0.00,LAX
104.19.19.38,10,10,0.00,262.80,0.00,LAX
104.25.98.157,10,10,0.00,264.00,0.00,LAX
172.65.191.45,10,10,0.00,264.07,0.00,LAX
104.25.28.140,10,10,0.00,264.40,0.00,LAX
104.24.195.224,10,10,0.00,264.46,0.00,LAX
104.24.241.55,10,10,0.00,264.80,0.00,LAX
104.24.93.55,10,10,0.00,265.28,0.00,LAX
104.24.210.30,10,10,0.00,265.80,0.00,LAX
172.64.78.53,10,10,0.00,265.89,0.00,PHX
104.27.67.212,10,10,0.00,265.94,0.00,LAX
104.19.7.250,10,10,0.00,266.06,0.00,LAX
104.27.41.25,10,10,0.00,266.29,0.00,LAX
104.25.121.11,10,10,0.00,266.90,0.00,LAX
104.24.215.51,10,10,0.00,267.00,0.00,LAX
104.26.0.172,10,10,0.00,267.12,0.00,HKG
104.27.47.178,10,10,0.00,267.72,0.00,LAX
104.24.94.29,10,10,0.00,267.81,0.00,LAX
104.27.66.131,10,10,0.00,268.00,0.00,LAX
104.24.59.176,10,10,0.00,268.29,0.00,LAX
162.159.140.130,10,10,0.00,268.30,0.00,FRA
104.24.25.8,10,10,0.00,268.84,0.00,LAX
104.26.12.72,10,10,0.00,270.30,0.00,HKG
104.24.87.30,10,10,0.00,270.39,0.00,LAX
104.25.59.34,10,10,0.00,270.40,0.00,LAX
104.25.68.165,10,10,0.00,270.60,0.00,LAX
172.64.66.173,10,10,0.00,271.87,0.00,LAX
104.24.6.176,10,10,0.00,271.92,0.00,LAX
104.24.179.58,10,10,0.00,271.93,0.00,LAX
104.16.68.91,10,10,0.00,272.76,0.00,SJC
104.24.1.32,10,10,0.00,272.77,0.00,LAX
104.24.128.229,10,10,0.00,273.39,0.00,LAX
104.24.196.37,10,10,0.00,273.48,0.00,LAX
162.159.90.37,10,10,0.00,273.56,0.00,AMS
104.19.3.4,10,10,0.00,273.98,0.00,LAX
104.25.0.138,10,10,0.00,274.30,0.00,LAX
104.24.159.91,10,10,0.00,274.87,0.00,LAX
104.25.97.163,10,10,0.00,275.00,0.00,LAX
104.24.67.197,10,10,0.00,275.39,0.00,LAX
104.25.206.0,10,10,0.00,276.02,0.00,LAX
104.25.81.106,10,10,0.00,276.30,0.00,LAX
104.24.191.1,10,10,0.00,276.57,0.00,LAX
104.24.21.117,10,10,0.00,277.25,0.00,LAX
104.24.20.6,10,10,0.00,278.15,0.00,LAX
104.24.11.176,10,10,0.00,278.16,0.00,LAX
104.25.17.89,10,10,0.00,278.30,0.00,LAX
172.64.144.148,10,10,0.00,278.56,0.00,LAX
104.24.15.92,10,10,0.00,278.61,0.00,LAX
104.27.44.252,10,10,0.00,278.72,0.00,LAX
104.24.204.211,10,10,0.00,279.70,0.00,LAX
104.25.56.120,10,10,0.00,280.40,0.00,LAX
172.66.175.11,10,10,0.00,280.43,0.00,LAX
104.25.24.150,10,10,0.00,281.90,0.00,LAX
104.25.39.97,10,10,0.00,283.20,0.00,LAX
104.19.20.4,10,10,0.00,284.02,0.00,LAX
104.24.36.140,10,10,0.00,284.26,0.00,LAX
104.25.133.195,10,10,0.00,284.80,0.00,LAX
104.24.43.17,10,10,0.00,284.95,0.00,LAX
104.25.214.95,10,10,0.00,286.03,0.00,LAX
104.24.26.138,10,10,0.00,286.04,0.00,LAX
172.66.130.6,10,10,0.00,286.81,0.00,LAX
162.159.93.63,10,10,0.00,287.08,0.00,FRA
172.66.165.239,10,10,0.00,288.00,0.00,LAX
172.66.213.233,10,10,0.00,288.04,0.00,LAX
172.66.128.155,10,10,0.00,288.05,0.00,LAX
172.66.133.2,10,10,0.00,289.35,0.00,LAX
104.24.90.112,10,10,0.00,289.76,0.00,LAX
172.66.149.92,10,10,0.00,290.14,0.00,LAX
104.24.33.207,10,10,0.00,290.56,0.00,LAX
172.66.204.40,10,10,0.00,290.87,0.00,LAX
104.24.52.112,10,10,0.00,291.81,0.00,LAX
104.25.29.249,10,10,0.00,292.40,0.00,LAX
104.24.62.106,10,10,0.00,294.48,0.00,LAX
172.66.160.169,10,10,0.00,296.17,0.00,LAX
172.66.131.251,10,10,0.00,296.71,0.00,LAX
104.25.103.38,10,10,0.00,298.00,0.00,LAX
162.159.133.246,10,10,0.00,298.58,0.00,FRA
172.66.161.249,10,10,0.00,299.00,0.00,LAX
104.25.237.38,10,10,0.00,299.63,0.00,LAX
104.24.199.4,10,10,0.00,300.20,0.00,LAX
104.24.92.53,10,10,0.00,300.91,0.00,LAX
104.24.81.231,10,10,0.00,302.69,0.00,LAX
104.25.54.64,10,10,0.00,303.10,0.00,LAX
104.25.78.125,10,10,0.00,303.20,0.00,LAX
104.24.249.10,10,10,0.00,304.00,0.00,LAX
172.66.172.87,10,10,0.00,304.31,0.00,LAX
104.25.91.17,10,10,0.00,304.80,0.00,LAX
104.27.14.218,10,10,0.00,304.96,0.00,LAX
172.67.126.222,10,10,0.00,305.26,0.00,LAX
104.25.189.13,10,10,0.00,306.02,0.00,LAX
104.25.74.18,10,10,0.00,306.40,0.00,LAX
172.67.112.215,10,10,0.00,308.67,0.00,LAX
104.25.162.1,10,10,0.00,309.89,0.00,LAX
104.25.96.229,10,10,0.00,310.00,0.00,LAX
104.25.150.125,10,10,0.00,310.32,0.00,LAX
104.24.9.249,10,10,0.00,310.52,0.00,LAX
104.16.89.92,10,10,0.00,310.63,0.00,SJC
104.25.18.136,10,10,0.00,310.80,0.00,LAX
104.25.225.132,10,10,0.00,311.42,0.00,LAX
104.25.248.120,10,10,0.00,311.59,0.00,LAX
172.66.176.96,10,10,0.00,311.70,0.00,LAX
104.27.71.216,10,10,0.00,311.82,0.00,LAX
172.66.194.22,10,10,0.00,311.99,0.00,LAX
172.67.94.51,10,10,0.00,312.81,0.00,LAX
104.24.170.184,10,10,0.00,312.91,0.00,LAX
104.24.252.8,10,10,0.00,313.00,0.00,LAX
104.25.4.30,10,10,0.00,313.20,0.00,LAX
104.24.34.30,10,10,0.00,314.04,0.00,LAX
162.159.129.93,10,10,0.00,314.74,0.00,FRA
104.25.15.149,10,10,0.00,315.90,0.00,LAX
104.25.79.40,10,10,0.00,316.40,0.00,LAX
104.25.86.46,10,10,0.00,317.10,0.00,LAX
104.24.63.60,10,10,0.00,317.33,0.00,LAX
104.24.51.124,10,10,0.00,318.39,0.00,LAX
104.24.31.140,10,10,0.00,319.02,0.00,LAX
104.25.75.22,10,10,0.00,319.50,0.00,LAX
104.24.85.128,10,10,0.00,320.51,0.00,LAX
104.24.236.122,10,10,0.00,320.70,0.00,LAX
104.25.95.182,10,10,0.00,320.90,0.00,LAX
104.25.16.81,10,10,0.00,321.50,0.00,LAX
104.24.88.52,10,10,0.00,322.69,0.00,LAX
172.66.145.183,10,10,0.00,323.30,0.00,LAX
104.24.138.115,10,10,0.00,323.45,0.00,LAX
104.25.72.176,10,10,0.00,323.50,0.00,LAX
104.25.92.243,10,10,0.00,323.60,0.00,LAX
104.24.254.113,10,10,0.00,324.10,0.00,LAX
104.25.12.109,10,10,0.00,324.40,0.00,LAX
104.24.82.152,10,10,0.00,324.45,0.00,LAX
104.25.159.184,10,10,0.00,324.49,0.00,LAX
104.24.80.213,10,10,0.00,324.83,0.00,LAX
104.25.188.37,10,10,0.00,326.78,0.00,LAX
104.25.229.153,10,10,0.00,326.81,0.00,LAX
104.25.230.227,10,10,0.00,326.84,0.00,LAX
172.66.153.249,10,10,0.00,327.42,0.00,LAX
172.65.223.239,10,10,0.00,329.66,0.00,CDG
104.25.26.39,10,10,0.00,330.70,0.00,LAX
172.65.255.77,10,10,0.00,331.03,0.00,MAD
104.24.40.28,10,10,0.00,331.69,0.00,LAX
104.25.163.254,10,10,0.00,331.72,0.00,LAX
104.25.235.5,10,10,0.00,333.19,0.00,LAX
104.25.244.110,10,10,0.00,333.40,0.00,LAX
172.66.174.23,10,10,0.00,333.42,0.00,LAX
104.25.254.135,10,10,0.00,333.71,0.00,LAX
104.25.129.157,10,10,0.00,333.87,0.00,LAX
104.25.210.166,10,10,0.00,333.92,0.00,LAX
104.25.130.171,10,10,0.00,334.30,0.00,LAX
104.25.200.165,10,10,0.00,334.81,0.00,LAX
104.25.143.73,10,10,0.00,334.87,0.00,LAX
104.27.101.235,10,10,0.00,335.50,0.00,LAX
104.24.152.22,10,10,0.00,335.57,0.00,LAX
172.66.164.62,10,10,0.00,335.63,0.00,LAX
104.25.255.36,10,10,0.00,336.54,0.00,LAX
172.67.121.5,10,10,0.00,336.70,0.00,LAX
172.65.210.74,10,10,0.00,336.80,0.00,CDG
104.24.17.241,10,10,0.00,337.25,0.00,LAX
172.67.83.195,10,10,0.00,338.08,0.00,LAX
104.24.19.14,10,10,0.00,338.45,0.00,LAX
104.25.187.249,10,10,0.00,340.37,0.00,LAX
104.25.201.109,10,10,0.00,341.97,0.00,LAX
104.25.246.171,10,10,0.00,344.57,0.00,LAX
104.25.141.65,10,10,0.00,345.28,0.00,LAX
104.27.61.227,10,10,0.00,347.16,0.00,LAX
104.24.65.79,10,10,0.00,347.53,0.00,LAX
104.25.236.114,10,10,0.00,350.00,0.00,LAX
104.24.58.253,10,10,0.00,350.19,0.00,LAX
104.25.176.159,10,10,0.00,350.82,0.00,LAX
104.25.165.184,10,10,0.00,350.95,0.00,LAX
172.65.220.108,10,10,0.00,352.89,0.00,MAD
104.27.56.87,10,10,0.00,353.07,0.00,LAX
104.25.67.74,10,10,0.00,353.70,0.00,LAX
172.66.146.35,10,10,0.00,354.33,0.00,LAX
104.25.238.61,10,10,0.00,354.90,0.00,LAX
104.25.71.181,10,10,0.00,355.20,0.00,LAX
104.25.199.37,10,10,0.00,355.68,0.00,LAX
104.24.69.130,10,10,0.00,356.41,0.00,LAX
104.25.217.146,10,10,0.00,356.50,0.00,LAX
104.25.136.43,10,10,0.00,356.65,0.00,LAX
104.25.251.49,10,10,0.00,357.26,0.00,LAX
104.25.178.194,10,10,0.00,358.21,0.00,LAX
104.27.105.113,10,10,0.00,360.40,0.00,LAX
172.67.110.62,10,10,0.00,360.61,0.00,LAX
104.24.24.157,10,10,0.00,360.77,0.00,LAX
104.25.175.239,10,10,0.00,362.04,0.00,LAX
104.27.97.134,10,10,0.00,365.03,0.00,LAX
104.27.4.184,10,10,0.00,365.55,0.00,LAX
104.27.75.80,10,10,0.00,366.45,0.00,LAX
104.24.39.199,10,10,0.00,366.59,0.00,LAX
172.67.125.93,10,10,0.00,367.75,0.00,LAX
104.25.27.15,10,10,0.00,369.20,0.00,LAX
104.25.104.158,10,10,0.00,369.35,0.00,LAX
172.66.216.248,10,10,0.00,372.40,0.00,LAX
104.25.242.243,10,10,0.00,372.65,0.00,LAX
104.25.80.114,10,10,0.00,372.80,0.00,LAX
104.24.79.206,10,10,0.00,372.93,0.00,LAX
104.24.164.118,10,10,0.00,373.13,0.00,LAX
172.66.139.247,10,10,0.00,374.83,0.00,LAX
104.25.36.198,10,10,0.00,375.40,0.00,LAX
172.66.208.155,10,10,0.00,375.45,0.00,LAX
104.27.16.174,10,10,0.00,378.71,0.00,LAX
104.24.185.245,10,10,0.00,379.10,0.00,LAX
104.25.167.169,10,10,0.00,379.21,0.00,LAX
172.66.170.64,10,10,0.00,380.47,0.00,LAX
104.27.55.190,10,10,0.00,380.77,0.00,LAX
104.25.82.228,10,10,0.00,382.17,0.00,LAX
104.27.15.55,10,10,0.00,384.54,0.00,LAX
172.67.123.232,10,10,0.00,385.11,0.00,LAX
172.66.148.249,10,10,0.00,385.38,0.00,LAX
104.19.5.208,10,10,0.00,386.05,0.00,LAX
172.66.196.215,10,10,0.00,388.28,0.00,LAX
172.66.137.77,10,10,0.00,388.88,0.00,LAX
104.25.228.89,10,10,0.00,390.72,0.00,LAX
104.19.8.37,10,10,0.00,391.23,0.00,LAX
104.27.48.162,10,10,0.00,394.98,0.00,LAX
104.25.215.219,10,10,0.00,396.32,0.00,LAX
172.66.201.160,10,10,0.00,396.99,0.00,LAX
104.19.22.127,10,10,0.00,397.94,0.00,LAX
104.27.60.73,10,10,0.00,399.86,0.00,LAX
104.27.45.212,10,10,0.00,399.88,0.00,LAX
104.27.77.92,10,10,0.00,401.09,0.00,LAX
104.27.20.93,10,10,0.00,401.52,0.00,LAX
104.25.209.58,10,10,0.00,402.12,0.00,LAX
104.25.224.178,10,10,0.00,403.80,0.00,LAX
104.27.106.173,10,10,0.00,404.05,0.00,LAX
104.24.148.168,10,10,0.00,406.97,0.00,LAX
104.25.223.68,10,10,0.00,407.64,0.00,LAX
104.25.196.242,10,10,0.00,409.97,0.00,LAX
104.27.40.13,10,10,0.00,410.25,0.00,LAX
104.25.179.114,10,10,0.00,411.85,0.00,LAX
104.25.93.116,10,10,0.00,414.60,0.00,LAX
104.25.169.252,10,10,0.00,415.16,0.00,LAX
172.66.147.171,10,10,0.00,422.26,0.00,LAX
104.25.6.242,10,10,0.00,422.80,0.00,LAX
104.25.152.216,10,10,0.00,424.14,0.00,LAX
104.25.116.211,10,10,0.00,424.17,0.00,LAX
104.24.221.209,10,10,0.00,427.60,0.00,LAX
104.25.181.41,10,10,0.00,428.52,0.00,LAX
104.25.2.141,10,10,0.00,429.40,0.00,LAX
104.27.81.231,10,10,0.00,429.89,0.00,LAX
104.24.214.78,10,10,0.00,430.80,0.00,LAX
104.24.242.179,10,10,0.00,431.90,0.00,LAX
172.67.81.218,10,10,0.00,432.00,0.00,LAX
172.66.198.96,10,10,0.00,432.28,0.00,LAX
172.67.88.217,10,10,0.00,432.74,0.00,LAX
104.24.246.228,10,10,0.00,433.50,0.00,LAX
104.25.99.149,10,10,0.00,433.79,0.00,LAX
172.66.154.8,10,10,0.00,434.19,0.00,LAX
104.16.0.191,10,10,0.00,434.56,0.00,LAX
104.27.89.254,10,10,0.00,435.35,0.00,LAX
172.66.193.234,10,10,0.00,437.00,0.00,LAX
104.27.98.81,10,10,0.00,439.98,0.00,LAX
172.67.122.52,10,10,0.00,440.79,0.00,LAX
104.24.163.28,10,10,0.00,440.93,0.00,LAX
104.24.86.27,10,10,0.00,441.66,0.00,LAX
104.24.28.94,10,10,0.00,442.29,0.00,LAX
104.24.132.89,10,10,0.00,443.75,0.00,LAX
104.24.140.209,10,10,0.00,444.25,0.00,LAX
172.67.105.153,10,10,0.00,445.14,0.00,LAX
104.24.178.39,10,10,0.00,445.56,0.00,LAX
104.24.3.43,10,10,0.00,446.14,0.00,LAX
172.67.119.145,10,10,0.00,454.20,0.00,LAX
104.24.4.139,10,10,0.00,454.54,0.00,LAX
104.24.54.60,10,10,0.00,455.79,0.00,LAX
104.24.157.103,10,10,0.00,456.59,0.00,LAX
104.24.78.228,10,10,0.00,459.58,0.00,LAX
104.25.232.35,10,10,0.00,461.15,0.00,LAX
104.25.219.254,10,10,0.00,462.10,0.00,LAX
172.67.90.227,10,10,0.00,463.31,0.00,LAX
104.25.234.229,10,10,0.00,465.34,0.00,LAX
104.24.203.22,10,10,0.00,465.40,0.00,LAX
104.25.149.186,10,10,0.00,466.15,0.00,LAX
104.24.228.142,10,10,0.00,472.20,0.00,LAX
172.65.230.173,10,10,0.00,473.87,0.00,WAW
104.25.202.146,10,10,0.00,474.43,0.00,LAX
104.21.94.129,10,10,0.00,478.08,0.00,LAX
104.24.233.88,10,10,0.00,478.60,0.00,LAX
104.24.232.213,10,10,0.00,483.90,0.00,LAX
104.24.225.103,10,10,0.00,486.10,0.00,LAX
104.27.65.161,10,10,0.00,487.71,0.00,LAX
104.25.11.50,10,10,0.00,488.50,0.00,LAX
104.27.85.150,10,10,0.00,489.84,0.00,LAX
104.27.108.30,10,10,0.00,497.97,0.00,LAX
172.65.163.185,10,10,0.00,500.70,0.00,LAX
104.25.94.225,10,10,0.00,501.64,0.00,LAX
172.66.205.214,10,10,0.00,502.34,0.00,LAX
104.19.13.81,10,10,0.00,502.50,0.00,LAX
104.25.42.60,10,10,0.00,503.44,0.00,LAX
104.24.10.3,10,10,0.00,505.03,0.00,LAX
104.25.109.27,10,10,0.00,505.48,0.00,LAX
172.67.85.122,10,10,0.00,512.09,0.00,LAX
104.19.21.214,10,10,0.00,512.75,0.00,LAX
104.25.55.133,10,10,0.00,519.17,0.00,LAX
172.67.87.150,10,10,0.00,520.24,0.00,LAX
172.65.183.31,10,10,0.00,521.31,0.00,LAX
104.24.186.97,10,10,0.00,525.14,0.00,LAX
172.67.124.231,10,10,0.00,529.82,0.00,LAX
104.24.200.242,10,10,0.00,546.00,0.00,LAX
104.24.226.51,10,10,0.00,570.18,0.00,LAX
104.25.33.95,10,10,0.00,595.00,0.00,LAX
172.67.222.19,10,10,0.00,680.85,0.00,LAX
172.67.156.184,10,10,0.00,737.74,0.00,LAX
172.67.254.66,10,10,0.00,770.28,0.00,LAX
172.67.248.49,10,10,0.00,818.03,0.00,LAX
104.21.59.156,10,10,0.00,955.47,0.00,LAX
104.17.198.103,10,9,0.10,164.89,0.00,SJC
104.17.185.191,10,9,0.10,168.50,0.00,SJC
104.17.124.134,10,9,0.10,169.06,0.00,SJC
104.17.189.159,10,9,0.10,170.34,0.00,SJC
104.17.123.147,10,9,0.10,170.84,0.00,SJC
104.17.187.69,10,9,0.10,170.88,0.00,SJC
104.17.177.86,10,9,0.10,172.50,0.00,SJC
104.17.178.132,10,9,0.10,174.05,0.00,SJC
104.17.167.141,10,9,0.10,175.50,0.00,SJC
104.17.168.21,10,9,0.10,211.76,0.00,SJC
104.17.134.219,10,9,0.10,211.94,0.00,SJC
104.26.8.68,10,9,0.10,223.25,0.00,HKG
104.17.118.76,10,9,0.10,257.06,0.00,SJC
104.17.216.210,10,8,0.20,164.42,0.00,SJC
104.17.220.53,10,8,0.20,164.50,0.00,SJC
104.17.213.229,10,8,0.20,164.63,0.00,SJC
104.17.200.5,10,8,0.20,167.57,0.00,SJC
104.17.204.254,10,8,0.20,168.57,0.00,SJC
104.17.205.144,10,8,0.20,168.82,0.00,SJC
104.17.211.36,10,8,0.20,169.12,0.00,SJC
104.17.182.56,10,8,0.20,170.81,0.00,SJC
104.17.210.234,10,8,0.20,171.62,0.00,SJC
104.17.153.38,10,8,0.20,214.08,0.00,SJC
104.17.144.88,10,8,0.20,215.19,0.00,SJC
104.17.139.221,10,8,0.20,217.82,0.00,SJC
104.17.161.30,10,8,0.20,220.50,0.00,SJC
104.17.163.35,10,8,0.20,221.62,0.00,SJC
104.17.151.182,10,8,0.20,222.37,0.00,SJC
104.17.145.247,10,8,0.20,228.25,0.00,SJC
104.17.231.192,10,7,0.30,166.29,0.00,SJC
104.17.230.209,10,7,0.30,166.58,0.00,SJC
104.17.233.113,10,7,0.30,166.89,0.00,SJC
104.17.237.32,10,7,0.30,166.91,0.00,SJC
104.17.236.221,10,7,0.30,168.27,0.00,SJC
104.17.224.32,10,7,0.30,168.65,0.00,SJC
104.17.229.174,10,7,0.30,169.65,0.00,SJC
104.17.235.217,10,7,0.30,171.14,0.00,SJC
104.17.221.61,10,7,0.30,171.38,0.00,SJC
104.17.218.39,10,7,0.30,171.65,0.00,SJC
104.17.232.87,10,7,0.30,172.28,0.00,SJC
104.17.212.211,10,7,0.30,172.50,0.00,SJC
104.17.222.54,10,7,0.30,172.77,0.00,SJC
104.17.215.138,10,7,0.30,172.79,0.00,SJC
104.17.191.242,10,7,0.30,222.41,0.00,SJC
104.17.203.164,10,7,0.30,223.50,0.00,SJC
104.17.173.43,10,7,0.30,225.93,0.00,SJC
104.17.166.250,10,7,0.30,227.30,0.00,SJC
104.17.128.30,10,7,0.30,227.41,0.00,SJC
104.17.201.193,10,7,0.30,227.44,0.00,SJC
104.17.133.68,10,7,0.30,228.34,0.00,SJC
104.17.147.252,10,7,0.30,245.77,0.00,SJC
104.17.146.202,10,7,0.30,282.74,0.00,SJC
104.17.94.85,10,7,0.30,366.28,0.00,SJC
104.17.247.245,10,6,0.40,165.42,0.00,SJC
104.17.243.41,10,6,0.40,168.25,0.00,SJC
104.17.244.134,10,6,0.40,168.25,0.00,SJC
104.17.246.96,10,6,0.40,168.75,0.00,SJC
104.17.241.173,10,6,0.40,170.09,0.00,SJC
104.17.240.119,10,6,0.40,170.92,0.00,SJC
104.17.242.80,10,6,0.40,171.92,0.00,SJC
104.17.156.104,10,6,0.40,172.41,0.00,SJC
104.17.162.249,10,6,0.40,172.92,0.00,SJC
104.17.226.101,10,6,0.40,173.83,0.00,SJC
104.17.209.57,10,6,0.40,232.00,0.00,SJC
104.17.214.185,10,6,0.40,234.69,0.00,SJC
104.17.199.245,10,6,0.40,235.84,0.00,SJC
104.17.157.90,10,6,0.40,237.92,0.00,SJC
104.17.183.247,10,6,0.40,247.09,0.00,SJC
104.17.55.76,10,6,0.40,398.13,0.00,SJC
172.64.95.98,10,6,0.40,868.64,0.00,LAX
104.18.32.24,10,5,0.50,108.31,0.00,SIN
104.17.228.180,10,5,0.50,175.30,0.00,SJC
104.17.206.140,10,5,0.50,176.00,0.00,SJC
104.17.225.6,10,5,0.50,248.91,0.00,SJC
104.17.138.81,10,5,0.50,264.20,0.00,SJC
104.17.202.114,10,5,0.50,268.70,0.00,SJC
104.17.208.86,10,5,0.50,274.20,0.00,SJC
104.18.34.223,10,4,0.60,108.13,0.00,SIN
104.18.33.5,10,4,0.60,109.01,0.00,SIN
104.18.35.57,10,4,0.60,109.84,0.00,SIN
104.17.170.73,10,4,0.60,168.48,0.00,SJC
104.17.169.137,10,4,0.60,172.00,0.00,SJC
104.17.227.202,10,4,0.60,174.09,0.00,SJC
104.17.238.252,10,4,0.60,276.11,0.00,SJC
104.17.245.84,10,4,0.60,280.50,0.00,SJC
104.17.179.231,10,4,0.60,293.00,0.00,SJC
104.17.160.12,10,4,0.60,405.63,0.00,SJC
104.21.58.101,10,4,0.60,918.54,0.00,LAX
104.18.37.212,10,3,0.70,108.22,0.00,SIN
104.18.40.172,10,3,0.70,108.34,0.00,SIN
104.18.36.199,10,3,0.70,108.84,0.00,SIN
104.18.38.9,10,3,0.70,109.34,0.00,SIN
104.18.39.125,10,3,0.70,110.01,0.00,SIN
104.18.41.170,10,3,0.70,111.79,0.00,SIN
104.17.223.90,10,3,0.70,163.17,0.00,SJC
104.17.188.99,10,3,0.70,166.55,0.00,SJC
104.18.26.13,10,3,0.70,175.85,0.00,LAX
104.18.23.77,10,3,0.70,176.00,0.00,LAX
104.17.217.146,10,3,0.70,479.66,0.00,SJC
104.17.207.185,10,3,0.70,495.89,0.00,SJC
104.18.45.19,10,2,0.80,109.01,0.00,SIN
104.18.47.195,10,2,0.80,110.47,0.00,SIN
104.18.44.75,10,2,0.80,110.51,0.00,SIN
104.18.43.219,10,2,0.80,110.71,0.00,SIN
104.18.42.145,10,2,0.80,110.76,0.00,SIN
104.18.46.76,10,2,0.80,111.40,0.00,SIN
104.17.219.246,10,2,0.80,166.50,0.00,SJC
104.18.30.72,10,2,0.80,172.26,0.00,LAX
104.18.29.109,10,2,0.80,174.26,0.00,LAX
104.18.28.72,10,2,0.80,179.26,0.00,LAX
104.17.190.15,10,2,0.80,406.00,0.00,SJC
104.18.25.141,10,2,0.80,408.51,0.00,LAX
104.18.24.4,10,2,0.80,408.81,0.00,LAX
104.17.234.46,10,1,0.90,164.99,0.00,SJC
104.18.27.67,10,1,0.90,651.71,0.00,LAX
